,acceleration_input,steering_input,acceleration_measurement,orientation_measurement,positions_x_ground_truth,positions_y_ground_truth,velocities_ground_truth,timestamps
0,0,0,0.0911971718313903,0.06236767834695287,0.25,0.0,5.0,0.0
1,0,0,-0.015008028265528535,0.22716612252901808,0.5,0.0,5.0,0.05
2,0,0,-0.04638590979121716,0.07530720118469265,0.75,0.0,5.0,0.1
3,0,0,-0.1640557107873068,0.05400728224057665,1.0,0.0,5.0,0.15000000000000002
4,0,0,0.11807305609394443,-0.18698702987152782,1.25,0.0,5.0,0.2
5,0,0,0.14392771068899896,-0.09605434139536387,1.5,0.0,5.0,0.25
6,0,0,0.4177829335423451,0.10077153115895209,1.75,0.0,5.0,0.30000000000000004
7,0,0,0.10151791389626433,-0.14904053374299683,2.0,0.0,5.0,0.35000000000000003
8,0,0,-0.00487103395910657,0.03011281637105566,2.25,0.0,5.0,0.4
9,0,0,-0.1996944887974292,0.09447625325934648,2.5,0.0,5.0,0.45
10,0,0,0.07178800408610474,0.09192758619240635,2.75,0.0,5.0,0.5
11,0,0,0.2228988675243293,0.08576984241265806,3.0,0.0,5.0,0.55
12,0,0,0.42995566596610435,-0.012484902979213204,3.25,0.0,5.0,0.6000000000000001
13,0,0,0.13668978895908723,0.20962286209779535,3.5,0.0,5.0,0.65
14,0,0,-0.11582268094642985,-0.24846909317298774,3.75,0.0,5.0,0.7000000000000001
15,0,0,0.04773068650912305,-0.16633121723912608,4.0,0.0,5.0,0.75
16,0,0,-0.14739053840720426,-0.12268864656943604,4.25,0.0,5.0,0.8
17,0,0,0.06388193247390722,0.035137420610796756,4.5,0.0,5.0,0.8500000000000001
18,0,0,-0.13721974711270155,0.1989592269977476,4.75,0.0,5.0,0.9
19,0,0,-0.01990200898765674,-0.2847229175916138,5.0,0.0,5.0,0.9500000000000001
20,0,0,-0.07678605010418561,-0.26894565040559876,5.25,0.0,5.0,1.0
21,0,0,0.20365883384332026,-0.5157505856912022,5.5,0.0,5.0,1.05
22,0,0,0.5007774598202827,0.05226454072701048,5.75,0.0,5.0,1.1
23,0,0,-0.11597588215160166,0.00775114089051046,6.0,0.0,5.0,1.1500000000000001
24,0,0,-0.16404046641171188,-0.06614822172686487,6.25,0.0,5.0,1.2000000000000002
25,0,0,0.330980121811811,0.11009967318069286,6.5,0.0,5.0,1.25
26,0,0,-0.20018644019699675,0.34681945794845803,6.75,0.0,5.0,1.3
27,0,0,0.24846365548558885,0.13109032966870007,7.0,0.0,5.0,1.35
28,0,0,-0.35383854035858125,0.0638009736111691,7.25,0.0,5.0,1.4000000000000001
29,0,0,-0.1254372104999093,-0.18869271231763812,7.5,0.0,5.0,1.4500000000000002
30,0,0,0.016573039670367853,-0.2909776474789918,7.75,0.0,5.0,1.5
31,0,0,0.12258391373177631,-0.46376683263518964,8.0,0.0,5.0,1.55
32,0,0,0.03948980949955762,0.03083109702912057,8.25,0.0,5.0,1.6
33,0,0,0.03490204561321986,0.4213803377678817,8.5,0.0,5.0,1.6500000000000001
34,0,0,0.13026041165283095,0.03976768989166737,8.75,0.0,5.0,1.7000000000000002
35,0,0,0.10046121913869413,0.18821759747942043,9.0,0.0,5.0,1.75
36,0,0,-0.06706536830232357,0.2442521852664176,9.25,0.0,5.0,1.8
37,0,0,0.3170049950165719,0.045650713241250925,9.5,0.0,5.0,1.85
38,0,0,0.217100894332801,0.1096089627504434,9.75,0.0,5.0,1.9000000000000001
39,0,0,0.2075451843165444,-0.017188222201968854,10.0,0.0,5.0,1.9500000000000002
40,0,0,0.09666310648922327,0.03872451703603738,10.25,0.0,5.0,2.0
41,0,0,-0.04927780019455097,-0.4100749202225565,10.5,0.0,5.0,2.0500000000000003
42,0,0,-0.11525360299077858,0.1683797911287339,10.75,0.0,5.0,2.1
43,0,0,-0.32868054743167907,0.23402771181326393,11.0,0.0,5.0,2.15
44,0,0,0.032795751343877765,0.1307524529775903,11.25,0.0,5.0,2.2
45,0,0,0.03808628770915484,0.2073624796721062,11.5,0.0,5.0,2.25
46,0,0,-0.12793649845533508,0.3918555823890857,11.75,0.0,5.0,2.3000000000000003
47,0,0,-0.17380025836536606,0.14032411149860477,12.0,0.0,5.0,2.35
48,0,0,0.4113212498990961,0.09655101251742215,12.25,0.0,5.0,2.4000000000000004
49,0,0,0.11699274568613323,-0.2910462511574185,12.5,0.0,5.0,2.45
50,0,0,0.29029084017733797,-0.46146617478889945,12.75,0.0,5.0,2.5
51,0,0,-0.051851812116105615,-0.029770544263081622,13.0,0.0,5.0,2.5500000000000003
52,0,0,-0.014092956522780016,0.24060031415339966,13.25,0.0,5.0,2.6
53,0,0,-0.08410957039909783,0.17282509700204052,13.5,0.0,5.0,2.6500000000000004
54,0,0,-0.11916488687023477,0.1298595949566059,13.75,0.0,5.0,2.7
55,0,0,-0.18098081607911354,0.01910707988790487,14.0,0.0,5.0,2.75
56,0,0,0.1803216483399878,-0.37938647225707184,14.25,0.0,5.0,2.8000000000000003
57,0,0,0.39887655752180673,0.14596526936829293,14.5,0.0,5.0,2.85
58,0,0,0.010730231022093098,0.03393178512887294,14.75,0.0,5.0,2.9000000000000004
59,0,0,-0.013577584876541106,0.23492308519601568,15.0,0.0,5.0,2.95
60,0,0,-0.13883412910953075,-0.07716574818446863,15.25,0.0,5.0,3.0
61,0,0,-0.3777605745249506,0.2479553410624037,15.5,0.0,5.0,3.0500000000000003
62,0,0,-0.27244678221523283,0.15915411086093276,15.75,0.0,5.0,3.1
63,0,0,-0.09809872306401123,0.12618183513174017,16.0,0.0,5.0,3.1500000000000004
64,0,0,-0.2443474495146743,0.46138122767335904,16.25,0.0,5.0,3.2
65,0,0,0.16033885931840217,0.28704260601740933,16.5,0.0,5.0,3.25
66,0,0,-0.11507974915402647,0.19061826668639562,16.75,0.0,5.0,3.3000000000000003
67,0,0,0.2513690913821611,0.2571116634174417,17.0,0.0,5.0,3.35
68,0,0,0.12519076686667638,-0.09895718777945943,17.25,0.0,5.0,3.4000000000000004
69,0,0,0.34126657365142077,0.026371492751061515,17.5,0.0,5.0,3.45
70,0,0,-0.1674510142713836,-0.2016598201653766,17.75,0.0,5.0,3.5
71,0,0,0.09146967256698679,0.3153180716451919,18.0,0.0,5.0,3.5500000000000003
72,0,0,-0.060098651078832555,0.035307715671958034,18.25,0.0,5.0,3.6
73,0,0,0.03184346463082172,0.048898675796733154,18.5,0.0,5.0,3.6500000000000004
74,0,0,0.007141217884776056,-0.13876300211201117,18.75,0.0,5.0,3.7
75,0,0,-0.1234698519489296,-0.23700490387910503,19.0,0.0,5.0,3.75
76,0,0,0.6282761780148824,-0.4923068867011986,19.25,0.0,5.0,3.8000000000000003
77,0,0,0.2708234655011638,0.020822793296776356,19.5,0.0,5.0,3.85
78,0,0,-0.006664842152311716,0.23575946701028486,19.75,0.0,5.0,3.9000000000000004
79,0,0,0.28345852299901403,0.027278376355707363,20.0,0.0,5.0,3.95
80,0,0,-0.06417487302307391,0.35456241753077067,20.25,0.0,5.0,4.0
81,0,0,-0.26995568125386926,-0.3332824681524774,20.5,0.0,5.0,4.05
82,0,0,-0.0060362793977864265,0.2337995250435203,20.75,0.0,5.0,4.1000000000000005
83,0,0,-0.0628334639142014,0.1890192153769589,21.0,0.0,5.0,4.15
84,0,0,0.2376946959034775,0.09561749287747606,21.25,0.0,5.0,4.2
85,0,0,0.11369596629269783,0.17972239315352578,21.5,0.0,5.0,4.25
86,0,0,0.15529852175519324,0.02108607310796855,21.75,0.0,5.0,4.3
87,0,0,-0.02517538712294179,0.0722811503909997,22.0,0.0,5.0,4.3500000000000005
88,0,0,-0.209044232462391,-0.013292143192399944,22.25,0.0,5.0,4.4
89,0,0,-0.011165204524510312,-0.012392933957359659,22.5,0.0,5.0,4.45
90,0,0,0.09293489983974293,0.2815290282804508,22.75,0.0,5.0,4.5
91,0,0,-0.0006758656173305884,0.09033584061486734,23.0,0.0,5.0,4.55
92,0,0,-0.3412762047428019,-0.09337971703817904,23.25,0.0,5.0,4.6000000000000005
93,0,0,-0.25150371104531405,0.09285517030162889,23.5,0.0,5.0,4.65
94,0,0,-0.08338907230161273,0.15563556770658182,23.75,0.0,5.0,4.7
95,0,0,-0.03020818674135424,-0.18347318903734477,24.0,0.0,5.0,4.75
96,0,0,0.18721357535082284,0.004991223910574388,24.25,0.0,5.0,4.800000000000001
97,0,0,-0.22319630086995984,0.09308866627247164,24.5,0.0,5.0,4.8500000000000005
98,0,0,-0.10386145355960248,0.14103832704611657,24.75,0.0,5.0,4.9
99,0,0,-0.13446990937848477,-0.12194747298939917,25.0,0.0,5.0,4.95
100,0,0,0.2010413185206585,0.07286549886699102,25.25,0.0,5.0,5.0
101,0,0,0.1525718133437037,-0.17934281519678785,25.5,0.0,5.0,5.050000000000001
102,0,0,-0.03354937566127899,-0.08869016040212581,25.75,0.0,5.0,5.1000000000000005
103,0,0,-0.09823848181143906,0.13419737855847236,26.0,0.0,5.0,5.15
104,0,0,-0.17608578820632267,0.18367373020412936,26.25,0.0,5.0,5.2
105,0,0,-0.1357307164242368,0.20107908184704387,26.5,0.0,5.0,5.25
106,0,0,0.3379068385219629,-0.27023580022523,26.75,0.0,5.0,5.300000000000001
107,0,0,-0.05029951542876154,-0.2334156300021209,27.0,0.0,5.0,5.3500000000000005
108,0,0,0.20217236425046484,0.5020115893114528,27.25,0.0,5.0,5.4
109,0,0,0.1880019827558009,0.33921359362065356,27.5,0.0,5.0,5.45
110,0,0,-0.1618746533257884,0.034850506296271705,27.75,0.0,5.0,5.5
111,0,0,-0.19794570786794075,-0.1749346011461045,28.0,0.0,5.0,5.550000000000001
112,0,0,-0.027990916685253272,-0.2875868506746985,28.25,0.0,5.0,5.6000000000000005
113,0,0,-0.036478613192995245,0.2230555467319429,28.5,0.0,5.0,5.65
114,0,0,0.01355376372373369,0.4745236745976266,28.75,0.0,5.0,5.7
115,0,0,0.25069429646070346,0.31649931055525515,29.0,0.0,5.0,5.75
116,0,0,0.1896754431666272,0.26134327517854977,29.25,0.0,5.0,5.800000000000001
117,0,0,0.2490417871472583,-0.022828930524034577,29.5,0.0,5.0,5.8500000000000005
118,0,0,0.058260238917659884,0.17121595695479308,29.75,0.0,5.0,5.9
119,0,0,-0.06634544732573418,0.05462543950944751,30.0,0.0,5.0,5.95
120,0,0,0.194500851269924,0.37616613051098546,30.25,0.0,5.0,6.0
121,0,0,0.28271771341060525,0.07309850783388436,30.5,0.0,5.0,6.050000000000001
122,0,0,0.21510027045669983,0.12309941257396664,30.75,0.0,5.0,6.1000000000000005
123,0,0,0.14876120340657317,-0.35715997791561804,31.0,0.0,5.0,6.15
124,0,0,0.009445453788434617,-0.052107333580634865,31.25,0.0,5.0,6.2
125,0,0,-0.06514990675188347,-0.06453556469517323,31.5,0.0,5.0,6.25
126,0,0,0.17862108577028915,-0.10201289991113716,31.75,0.0,5.0,6.300000000000001
127,0,0,-0.16166787579530062,0.010544980372412983,32.0,0.0,5.0,6.3500000000000005
128,0,0,-0.22581818644840204,0.007785196020813597,32.25,0.0,5.0,6.4
129,0,0,0.32745116236532273,0.21796119456358676,32.5,0.0,5.0,6.45
130,0,0,0.1288297861017459,0.4869979977381458,32.75,0.0,5.0,6.5
131,0,0,0.32650809119878543,0.18921789822109572,33.0,0.0,5.0,6.550000000000001
132,0,0,0.3284024455568162,0.26106231855603323,33.25,0.0,5.0,6.6000000000000005
133,0,0,-0.09088883576269025,0.06960125691755563,33.5,0.0,5.0,6.65
134,0,0,-0.09382408754995661,0.2430024797071361,33.75,0.0,5.0,6.7
135,0,0,-0.0772911274692268,0.26852809869822747,34.0,0.0,5.0,6.75
136,0,0,0.27690626487244396,0.09402589270687457,34.25,0.0,5.0,6.800000000000001
137,0,0,0.12053271457736255,-0.14394009491845053,34.5,0.0,5.0,6.8500000000000005
138,0,0,-0.49615457248223716,0.5175021369179981,34.75,0.0,5.0,6.9
139,0,0,-0.07725151159483443,-0.22088561300233348,35.0,0.0,5.0,6.95
140,0,0,-0.13050618862774815,-0.24601564594336547,35.25,0.0,5.0,7.0
141,0,0,0.4491251032004698,-0.05003179906319863,35.5,0.0,5.0,7.050000000000001
142,0,0,-0.11706040584567473,0.18225186016354436,35.75,0.0,5.0,7.1000000000000005
143,0,0,-0.02691681313733111,-0.20319676399209763,36.0,0.0,5.0,7.15
144,0,0,-0.19278833018159622,-0.4610497439675874,36.25,0.0,5.0,7.2
145,0,0,0.07108140495536293,0.2874384654135153,36.5,0.0,5.0,7.25
146,0,0,-0.08644260643888389,0.229110507505967,36.75,0.0,5.0,7.300000000000001
147,0,0,-0.24102881151722602,0.061625028381257496,37.0,0.0,5.0,7.3500000000000005
148,0,0,-0.04232555767809106,-0.19876007766702675,37.25,0.0,5.0,7.4
149,0,0,-0.046865890453518806,0.2483274096210566,37.5,0.0,5.0,7.45
150,0,0,0.36407192357196777,-0.17838360723688468,37.75,0.0,5.0,7.5
151,0,0,-0.1988524687289811,-0.19369389123451597,38.0,0.0,5.0,7.550000000000001
152,0,0,-0.21791326250077814,-0.04053905512381436,38.25,0.0,5.0,7.6000000000000005
153,0,0,0.2125750563417359,-0.11235234144835696,38.5,0.0,5.0,7.65
154,0,0,0.5465142263854236,0.08891337039333069,38.75,0.0,5.0,7.7
155,0,0,-0.028720197023056407,-0.357149149447447,39.0,0.0,5.0,7.75
156,0,0,-0.11428309820968008,0.1880426311186089,39.25,0.0,5.0,7.800000000000001
157,0,0,0.14604144140112732,-0.12363029694830108,39.5,0.0,5.0,7.8500000000000005
158,0,0,0.2934083336499917,0.37528320013437694,39.75,0.0,5.0,7.9
159,0,0,-0.4465732060340515,0.16858844608212298,40.0,0.0,5.0,7.95
160,0,0,0.08768434172603545,0.053921990813347524,40.25,0.0,5.0,8.0
161,0,0,0.01097514774415825,0.20382691977081852,40.5,0.0,5.0,8.05
162,0,0,0.019007266144576762,-0.344801225872031,40.75,0.0,5.0,8.1
163,0,0,-0.3787139967866483,-0.10988379801287472,41.0,0.0,5.0,8.15
164,0,0,-0.15242185458756333,0.19243600559068258,41.25,0.0,5.0,8.200000000000001
165,0,0,0.2831496306573935,-0.3274413973879264,41.5,0.0,5.0,8.25
166,0,0,0.14974995734069238,0.28142238959471694,41.75,0.0,5.0,8.3
167,0,0,-0.13792074065300672,-0.1476704942337249,42.0,0.0,5.0,8.35
168,0,0,-0.02702817498596595,-0.3427373945309484,42.25,0.0,5.0,8.4
169,0,0,0.14957018261524174,0.20073044525049016,42.5,0.0,5.0,8.450000000000001
170,0,0,0.05894318560093943,-0.213097547700423,42.75,0.0,5.0,8.5
171,0,0,-0.05525213229980702,0.11308033203821029,43.0,0.0,5.0,8.55
172,0,0,0.15595712532590678,-0.09049993144011814,43.25,0.0,5.0,8.6
173,0,0,-0.08455939852576734,-0.011166199294098114,43.5,0.0,5.0,8.65
174,0,0,0.060054021119923286,-0.015610008756320523,43.75,0.0,5.0,8.700000000000001
175,0,0,0.03979938077399004,-0.17862306433379868,44.0,0.0,5.0,8.75
176,0,0,0.20368756889211692,0.17198685801344227,44.25,0.0,5.0,8.8
177,0,0,0.15372786683609677,-0.04819878807160746,44.5,0.0,5.0,8.85
178,0,0,0.1028904912785975,0.20994686256724016,44.75,0.0,5.0,8.9
179,0,0,-0.11690191072032219,0.011415863183285196,45.0,0.0,5.0,8.950000000000001
180,0,0,0.016960898464942285,0.20271333827440918,45.25,0.0,5.0,9.0
181,0,0,0.04503118599706207,-0.26957314935449644,45.5,0.0,5.0,9.05
182,0,0,0.263267913651564,0.08709651385953848,45.75,0.0,5.0,9.1
183,0,0,-0.4354201473441567,-0.20224395297817038,46.0,0.0,5.0,9.15
184,0,0,0.08992116319834181,0.1272515845815954,46.25,0.0,5.0,9.200000000000001
185,0,0,-0.1232831105030037,0.3358538730959994,46.5,0.0,5.0,9.25
186,0,0,0.09999222029211602,0.18042617230398317,46.75,0.0,5.0,9.3
187,0,0,-0.2022013271199096,0.1242463785979388,47.0,0.0,5.0,9.35
188,0,0,0.03747826394747731,0.14888583300253944,47.25,0.0,5.0,9.4
189,0,0,0.022668608980848024,-0.04892517289155724,47.5,0.0,5.0,9.450000000000001
190,0,0,-0.16841326233666098,-0.1462190313714443,47.75,0.0,5.0,9.5
191,0,0,0.07183261687358412,0.2961015657606793,48.0,0.0,5.0,9.55
192,0,0,-0.12948502565678252,0.25363034523336336,48.25,0.0,5.0,9.600000000000001
193,0,0,0.09693902719190226,-0.06999671086258925,48.5,0.0,5.0,9.65
194,0,0,0.03231494884853755,0.15969475397480123,48.75,0.0,5.0,9.700000000000001
195,0,0,0.19683310057303147,0.0467894431577416,49.0,0.0,5.0,9.75
196,0,0,0.00030366506263587126,0.18715635527560304,49.25,0.0,5.0,9.8
197,0,0,-0.4885353128167724,0.18983532046238086,49.5,0.0,5.0,9.850000000000001
198,0,0,-0.08727081382131399,-0.11697751878439784,49.75,0.0,5.0,9.9
199,0,0,0.16706992858102088,0.17261939856311087,50.0,0.0,5.0,9.950000000000001
200,0,0,-0.537544931387128,-0.15144950250517575,50.25,0.0,5.0,10.0
201,0,0,0.12308573439502075,-0.4155382664084954,50.5,0.0,5.0,10.05
202,0,0,-0.2251373848654521,-0.4567493747700384,50.75,0.0,5.0,10.100000000000001
203,0,0,0.014110442164647179,-0.33870911333143705,51.0,0.0,5.0,10.15
204,0,0,0.07935375281664274,0.020818371739314,51.25,0.0,5.0,10.200000000000001
205,0,0,0.47588691236045827,-0.07899836106162968,51.5,0.0,5.0,10.25
206,0,0,0.12919805710083765,-0.14795101812497857,51.75,0.0,5.0,10.3
207,0,0,-0.008551631525602585,0.19729909182417038,52.0,0.0,5.0,10.350000000000001
208,0,0,0.009407634718273657,-0.13528377605723915,52.25,0.0,5.0,10.4
209,0,0,-0.2343351718338124,-0.17156339145098534,52.5,0.0,5.0,10.450000000000001
210,0,0,-0.0214688551953836,0.2808549378690816,52.75,0.0,5.0,10.5
211,0,0,0.11929934633959749,0.09439116686538225,53.0,0.0,5.0,10.55
212,0,0,-0.04597326959197322,0.05205087867019151,53.25,0.0,5.0,10.600000000000001
213,0,0,-0.28315308504501946,0.14329031520374907,53.5,0.0,5.0,10.65
214,0,0,-0.2892006856318369,-0.12611189395815584,53.75,0.0,5.0,10.700000000000001
215,0,0,0.19707489139183965,-0.22031852139252686,54.0,0.0,5.0,10.75
216,0,0,-0.3517446020709168,-0.39753401803587274,54.25,0.0,5.0,10.8
217,0,0,0.11239879337731065,0.32016235480808913,54.5,0.0,5.0,10.850000000000001
218,0,0,-0.13099255439010657,0.08798038426102009,54.75,0.0,5.0,10.9
219,0,0,-0.2192553844910298,-0.12408492703760672,55.0,0.0,5.0,10.950000000000001
220,0,0,-0.3516049147621122,0.023892727959533303,55.25,0.0,5.0,11.0
221,0,0,-0.042453743171315124,-0.030801265925660726,55.5,0.0,5.0,11.05
222,0,0,0.05129279881928864,-0.13523842287115215,55.75,0.0,5.0,11.100000000000001
223,0,0,-0.14078368620064408,0.1288304397207345,56.0,0.0,5.0,11.15
224,0,0,0.09566753331926013,0.28043441903998406,56.25,0.0,5.0,11.200000000000001
225,0,0,-0.054637774766627414,-0.18199789722973964,56.5,0.0,5.0,11.25
226,0,0,-0.15897097351343845,0.3977790134369741,56.75,0.0,5.0,11.3
227,0,0,-0.06666651274328059,0.40651047191854456,57.0,0.0,5.0,11.350000000000001
228,0,0,-0.07698487317411733,-0.08176465929182158,57.25,0.0,5.0,11.4
229,0,0,-0.19469113895972895,-0.22094049379149028,57.5,0.0,5.0,11.450000000000001
230,0,0,-0.047246771203201796,-0.1163074503673287,57.75,0.0,5.0,11.5
231,0,0,0.08525284414148233,0.3749729134109594,58.0,0.0,5.0,11.55
232,0,0,-0.11049572288552584,0.2070695595671885,58.25,0.0,5.0,11.600000000000001
233,0,0,-0.1358643205147467,0.15567378618055883,58.5,0.0,5.0,11.65
234,0,0,-0.058245880701514485,-0.21593150211076534,58.75,0.0,5.0,11.700000000000001
235,0,0,0.19105938123860708,-0.3110899022242146,59.0,0.0,5.0,11.75
236,0,0,-0.00892027641581991,0.42119459090160244,59.25,0.0,5.0,11.8
237,0,0,0.05440559268158991,0.07233894570737495,59.5,0.0,5.0,11.850000000000001
238,0,0,0.2851280574772359,0.25378619871273667,59.75,0.0,5.0,11.9
239,0,0,-0.1680658081280615,0.18811155069373917,60.0,0.0,5.0,11.950000000000001
240,0,0,-0.1944471878234108,-0.004561616105664495,60.25,0.0,5.0,12.0
241,0,0,-0.21180117776894736,-0.22028758704767493,60.5,0.0,5.0,12.05
242,0,0,-0.08462932009799251,0.018966571177064184,60.75,0.0,5.0,12.100000000000001
243,0,0,-0.053171744165957206,-0.22394118435516475,61.0,0.0,5.0,12.15
244,0,0,-0.3520925841895793,0.00022535885789104604,61.25,0.0,5.0,12.200000000000001
245,0,0,0.1983910200692267,-0.0346130789348758,61.5,0.0,5.0,12.25
246,0,0,-0.19393885497079094,0.21234394599738582,61.75,0.0,5.0,12.3
247,0,0,-0.039223395849236474,-0.15656518286133694,62.0,0.0,5.0,12.350000000000001
248,0,0,-0.3437121942407439,-0.12668525635509495,62.25,0.0,5.0,12.4
249,0,0,-0.22831672616384618,0.4845535314840615,62.5,0.0,5.0,12.450000000000001
250,0,0,-0.0812622179305737,-0.19456303408664255,62.75,0.0,5.0,12.5
251,0,0,-0.3078882215929904,0.01087088541504401,63.0,0.0,5.0,12.55
252,0,0,0.20164295014056297,0.08858198991322808,63.25,0.0,5.0,12.600000000000001
253,0,0,0.10146038213446006,-0.17534213484852895,63.5,0.0,5.0,12.65
254,0,0,0.11201707130220387,-0.22784313344575668,63.75,0.0,5.0,12.700000000000001
255,0,0,0.04930066036167893,0.14558640247078822,64.0,0.0,5.0,12.75
256,0,0,-0.056671091622028824,-0.5809029506959003,64.25,0.0,5.0,12.8
257,0,0,-0.021567192911895322,0.009575143668398943,64.5,0.0,5.0,12.850000000000001
258,0,0,0.14300070755473918,-0.02190193014882432,64.75,0.0,5.0,12.9
259,0,0,-0.21099215803758056,-0.06235052754792564,65.0,0.0,5.0,12.950000000000001
260,0,0,-0.15490119612902112,-0.017378312322621155,65.25,0.0,5.0,13.0
261,0,0,-0.37024152759512763,-0.0680643258052423,65.5,0.0,5.0,13.05
262,0,0,-0.147150318937497,-0.0869752302837035,65.75,0.0,5.0,13.100000000000001
263,0,0,0.1929212472288321,-0.046877076144729836,66.0,0.0,5.0,13.15
264,0,0,-0.043558380264540536,0.206424071595327,66.25,0.0,5.0,13.200000000000001
265,0,0,-0.19540206087486897,0.006510450348844957,66.5,0.0,5.0,13.25
266,0,0,-0.008651797520970053,-0.22427705212804472,66.75,0.0,5.0,13.3
267,0,0,-0.020808717736051162,0.20678307741602545,67.0,0.0,5.0,13.350000000000001
268,0,0,0.23653989269836592,0.06713301328097922,67.25,0.0,5.0,13.4
269,0,0,0.1966124713072293,0.4624049564025575,67.5,0.0,5.0,13.450000000000001
270,0,0,-0.07223409366061531,0.20814746585047011,67.75,0.0,5.0,13.5
271,0,0,-0.35892160114706867,-0.1629761247100037,68.0,0.0,5.0,13.55
272,0,0,-0.054783627294371896,-0.18391309503783645,68.25,0.0,5.0,13.600000000000001
273,0,0,-0.099665048634043,0.0499761688666355,68.5,0.0,5.0,13.65
274,0,0,-0.20145140079727933,0.07600261997724747,68.75,0.0,5.0,13.700000000000001
275,0,0,-0.09441458329589965,0.08084104466952689,69.0,0.0,5.0,13.75
276,0,0,-0.23580648903789087,0.2679047677340966,69.25,0.0,5.0,13.8
277,0,0,-0.06460150544253156,0.07842619248810868,69.5,0.0,5.0,13.850000000000001
278,0,0,0.08648719984825917,0.09992887125746405,69.75,0.0,5.0,13.9
279,0,0,0.17117401356798478,0.2800820003421635,70.0,0.0,5.0,13.950000000000001
280,0,0,-0.009357649950617577,-0.25598141932249513,70.25,0.0,5.0,14.0
281,0,0,-0.2227112413704646,0.4937795280858277,70.5,0.0,5.0,14.05
282,0,0,-0.09675433185233241,-0.09713854324171979,70.75,0.0,5.0,14.100000000000001
283,0,0,-0.02128688331558506,0.21621211553797393,71.0,0.0,5.0,14.15
284,0,0,0.04588900601711606,-0.21723360989259272,71.25,0.0,5.0,14.200000000000001
285,0,0,0.3471787659851544,-0.19839780536573584,71.5,0.0,5.0,14.25
286,0,0,0.40985549773021596,0.05392822949491824,71.75,0.0,5.0,14.3
287,0,0,-0.37915266558628424,-0.1421209689834222,72.0,0.0,5.0,14.350000000000001
288,0,0,0.187951662617449,0.3622086158124987,72.25,0.0,5.0,14.4
289,0,0,-0.12982351700881595,0.2030739843694105,72.5,0.0,5.0,14.450000000000001
290,0,0,-0.01402246220765818,0.09927923153247085,72.75,0.0,5.0,14.5
291,0,0,0.06992563168998678,-0.024607752718580234,73.0,0.0,5.0,14.55
292,0,0,-0.33737731799973664,-0.15197934442183877,73.25,0.0,5.0,14.600000000000001
293,0,0,0.09259009929536505,-0.248605439034769,73.5,0.0,5.0,14.65
294,0,0,0.15062770515354754,0.2184273998575507,73.75,0.0,5.0,14.700000000000001
295,0,0,0.043953892243920906,-0.12087749101339143,74.0,0.0,5.0,14.75
296,0,0,-0.11352314418352537,-0.18137397848072911,74.25,0.0,5.0,14.8
297,0,0,0.02053800709121005,-0.14305529450035093,74.5,0.0,5.0,14.850000000000001
298,0,0,-0.14268474017351615,-0.09068316439860491,74.75,0.0,5.0,14.9
299,0,0,0.13138237176982306,0.37988733414954257,75.0,0.0,5.0,14.950000000000001
300,0,0,0.1580760217153741,0.13311665540887782,75.25,0.0,5.0,15.0
301,0,0,-0.2424057525502173,-0.2852033052058293,75.5,0.0,5.0,15.05
302,0,0,-0.0776769692649072,-0.06304078199650191,75.75,0.0,5.0,15.100000000000001
303,0,0,0.023301117462662994,0.38481682500252257,76.0,0.0,5.0,15.15
304,0,0,-0.09919338865959533,0.1041621136736095,76.25,0.0,5.0,15.200000000000001
305,0,0,0.16103936772451802,0.04334549377096572,76.5,0.0,5.0,15.25
306,0,0,0.1622632258035833,-0.08080188908205833,76.75,0.0,5.0,15.3
307,0,0,-0.05366717373100393,0.20950553934743188,77.0,0.0,5.0,15.350000000000001
308,0,0,-0.10085833559312854,0.4490521017223512,77.25,0.0,5.0,15.4
309,0,0,0.02122426527344761,-0.37835122813531097,77.5,0.0,5.0,15.450000000000001
310,0,0,0.14597412472454652,0.05651262222708652,77.75,0.0,5.0,15.5
311,0,0,0.22946465487010298,-0.06853247727431787,78.0,0.0,5.0,15.55
312,0,0,0.008867358063460935,0.13603573943333275,78.25,0.0,5.0,15.600000000000001
313,0,0,0.2901435180677415,-0.05225814846125159,78.5,0.0,5.0,15.65
314,0,0,0.3739995089640188,0.08527606765705431,78.75,0.0,5.0,15.700000000000001
315,0,0,-0.3486838315403076,-0.2280730487258374,79.0,0.0,5.0,15.75
316,0,0,0.08547224952357675,0.4458425307430983,79.25,0.0,5.0,15.8
317,0,0,-0.155048661792579,-0.030208919002000203,79.5,0.0,5.0,15.850000000000001
318,0,0,0.00794608979195322,-0.045190684686046374,79.75,0.0,5.0,15.9
319,0,0,-0.05687871751969366,-0.012186989226409935,80.0,0.0,5.0,15.950000000000001
320,0,0,-0.22634651712763265,0.07577107993244672,80.25,0.0,5.0,16.0
321,0,0,-0.179296924482625,-0.0777388669225371,80.5,0.0,5.0,16.05
322,0,0,0.0856769447549214,-0.08495783201008977,80.75,0.0,5.0,16.1
323,0,0,-0.027136163774712636,0.09883721281234864,81.0,0.0,5.0,16.150000000000002
324,0,0,-0.007542121044647546,-0.14017303464525896,81.25,0.0,5.0,16.2
325,0,0,-0.15546791192999254,-0.13439954695285608,81.5,0.0,5.0,16.25
326,0,0,-0.11937060945399165,-0.00219569485137408,81.75,0.0,5.0,16.3
327,0,0,0.28524811736595357,-0.05103030933115399,82.0,0.0,5.0,16.35
328,0,0,-0.046372300889822006,-0.1650739405780885,82.25,0.0,5.0,16.400000000000002
329,0,0,-0.1933455862198349,-0.05651610862727488,82.5,0.0,5.0,16.45
330,0,0,0.2603880179055825,-0.04863634579770962,82.75,0.0,5.0,16.5
331,0,0,-0.18760392368605672,0.07669120370572062,83.0,0.0,5.0,16.55
332,0,0,-0.16752392293552443,-0.16752611741594098,83.25,0.0,5.0,16.6
333,0,0,-0.15348242780871735,0.11105080227381528,83.5,0.0,5.0,16.650000000000002
334,0,0,0.15011088531903796,-0.12155748424411816,83.75,0.0,5.0,16.7
335,0,0,-0.12588277675928372,-0.39657142803554074,84.0,0.0,5.0,16.75
336,0,0,-0.20612391928896484,0.1871967448729163,84.25,0.0,5.0,16.8
337,0,0,0.21072734438676696,0.3562379827868767,84.5,0.0,5.0,16.85
338,0,0,0.14457562731589957,0.05570902540096774,84.75,0.0,5.0,16.900000000000002
339,0,0,0.00778006967015665,-0.23622131319777018,85.0,0.0,5.0,16.95
340,0,0,-0.252529532972526,-0.034758514477874466,85.25,0.0,5.0,17.0
341,0,0,-0.15370134358641263,0.10298842032738478,85.5,0.0,5.0,17.05
342,0,0,-0.20861402706574786,0.1920979256742247,85.75,0.0,5.0,17.1
343,0,0,0.0226877980330075,-0.16900182027398403,86.0,0.0,5.0,17.150000000000002
344,0,0,0.2502025547467319,0.19108593042813188,86.25,0.0,5.0,17.2
345,0,0,-0.1934506635321006,0.287953136525788,86.5,0.0,5.0,17.25
346,0,0,-0.053622987584712206,0.0285012880018016,86.75,0.0,5.0,17.3
347,0,0,-0.12411170051518412,-0.6261807753092288,87.0,0.0,5.0,17.35
348,0,0,-0.3644587213968393,-0.09050592445813034,87.25,0.0,5.0,17.400000000000002
349,0,0,0.13182197100759893,-0.14960812461412937,87.5,0.0,5.0,17.45
350,0,0,-0.17912179410130133,-0.13162923147977487,87.75,0.0,5.0,17.5
351,0,0,-0.055923674206272124,0.005065894575619977,88.0,0.0,5.0,17.55
352,0,0,0.07511404867491678,0.0649604133691225,88.25,0.0,5.0,17.6
353,0,0,-0.08537656938055899,0.2432209066232044,88.5,0.0,5.0,17.650000000000002
354,0,0,0.12763313648815158,-0.1371906387960783,88.75,0.0,5.0,17.7
355,0,0,-0.06270219919000265,-0.05114601145039606,89.0,0.0,5.0,17.75
356,0,0,0.31437958641260655,0.12191054747389381,89.25,0.0,5.0,17.8
357,0,0,0.36957371277689494,0.05093802510102596,89.5,0.0,5.0,17.85
358,0,0,-0.055430280839653824,-0.16490932126824537,89.75,0.0,5.0,17.900000000000002
359,0,0,-0.2811456596625265,-0.21012845424737822,90.0,0.0,5.0,17.95
360,0,0,0.06113003495458839,-0.052268914849583396,90.25,0.0,5.0,18.0
361,0,0,0.21510044955992363,-0.2551564594802511,90.5,0.0,5.0,18.05
362,0,0,-0.10782977490003272,0.01958629563315288,90.75,0.0,5.0,18.1
363,0,0,0.08507454009166837,0.16555665825538257,91.0,0.0,5.0,18.150000000000002
364,0,0,-0.21681490519284266,0.08099580986131366,91.25,0.0,5.0,18.2
365,0,0,0.06330662479402493,0.06492591982949396,91.5,0.0,5.0,18.25
366,0,0,-0.25834405348622724,-0.011529089500429756,91.75,0.0,5.0,18.3
367,0,0,-0.36100869446793804,-0.02146727826584404,92.0,0.0,5.0,18.35
368,0,0,0.03309586468543714,-0.0325957893894691,92.25,0.0,5.0,18.400000000000002
369,0,0,-0.10800892593803751,-0.2481718282589129,92.5,0.0,5.0,18.45
370,0,0,0.07114421010913521,-0.0024050651629604508,92.75,0.0,5.0,18.5
371,0,0,0.023486696522855094,0.27772728553947995,93.0,0.0,5.0,18.55
372,0,0,-0.14240980745283777,0.24183852123594474,93.25,0.0,5.0,18.6
373,0,0,-0.016306320670098805,0.25299174595129337,93.5,0.0,5.0,18.650000000000002
374,0,0,-0.1794011431563442,-0.13370052467622578,93.75,0.0,5.0,18.7
375,0,0,0.15407062211531894,0.26484728109555583,94.0,0.0,5.0,18.75
376,0,0,0.26445212713465727,0.17200428642303725,94.25,0.0,5.0,18.8
377,0,0,0.3131389774962066,-0.26788569435251913,94.5,0.0,5.0,18.85
378,0,0,-0.21566477327185313,-0.017846814312898928,94.75,0.0,5.0,18.900000000000002
379,0,0,-0.3034036649908376,-0.1463300427063903,95.0,0.0,5.0,18.95
380,0,0,-0.1727281992454115,0.1769002233644326,95.25,0.0,5.0,19.0
381,0,0,-0.09624935888917119,-0.02802343390296464,95.5,0.0,5.0,19.05
382,0,0,-0.06426492765787357,-0.15148044563931773,95.75,0.0,5.0,19.1
383,0,0,-0.13896078196194206,0.3751517780588853,96.0,0.0,5.0,19.150000000000002
384,0,0,0.10312798001939188,-0.09863876835708507,96.25,0.0,5.0,19.200000000000003
385,0,0,0.3125922422899673,0.0658165824206639,96.5,0.0,5.0,19.25
386,0,0,0.19399629385787662,-0.0879302045885486,96.75,0.0,5.0,19.3
387,0,0,0.31976600780316217,0.24544140009917187,97.0,0.0,5.0,19.35
388,0,0,-0.06649649275615148,-0.026347395758595096,97.25,0.0,5.0,19.400000000000002
389,0,0,-0.1322527224416468,-0.08192163489036085,97.5,0.0,5.0,19.450000000000003
390,0,0,0.10256813878393226,-0.17302625685414255,97.75,0.0,5.0,19.5
391,0,0,0.0830581120620016,0.29951656472373717,98.0,0.0,5.0,19.55
392,0,0,0.28846423376606706,-0.06409971558028464,98.25,0.0,5.0,19.6
393,0,0,0.3070679803273949,0.10107167529606415,98.5,0.0,5.0,19.650000000000002
394,0,0,0.2712354947122331,0.012391608563027035,98.75,0.0,5.0,19.700000000000003
395,0,0,0.009699737687075024,0.45234843799717217,99.0,0.0,5.0,19.75
396,0,0,-0.18995809187878848,0.03891648217355125,99.25,0.0,5.0,19.8
397,0,0,0.05349841866779251,0.0719184397010419,99.5,0.0,5.0,19.85
398,0,0,0.3011295684431526,0.10877074369413198,99.75,0.0,5.0,19.900000000000002
399,0,0,-0.008657221332688505,0.001632149911732144,100.0,0.0,5.0,19.950000000000003
400,0,0,0.29499087347112596,-0.03225579802752427,100.25,0.0,5.0,20.0
401,0,0,0.05120942295133057,-0.0016741641603762233,100.5,0.0,5.0,20.05
402,0,0,0.34833306762001337,0.29385087559000095,100.75,0.0,5.0,20.1
403,0,0,-0.2441440196883078,-0.08804547657271317,101.0,0.0,5.0,20.150000000000002
404,0,0,-0.14400388997541338,0.11021572885983799,101.25,0.0,5.0,20.200000000000003
405,0,0,0.1797313246975569,-0.08429682067335069,101.5,0.0,5.0,20.25
406,0,0,-0.1757709420328903,0.005446278730564981,101.75,0.0,5.0,20.3
407,0,0,0.11758136925545536,0.02668795419215001,102.0,0.0,5.0,20.35
408,0,0,-0.061356057298207124,-0.333459584374905,102.25,0.0,5.0,20.400000000000002
409,0,0,0.26097847209734,0.11413943840209113,102.5,0.0,5.0,20.450000000000003
410,0,0,-0.08270054373833344,0.1366118551699121,102.75,0.0,5.0,20.5
411,0,0,-0.2389484593033389,-0.15424986540978536,103.0,0.0,5.0,20.55
412,0,0,0.10780056311757179,-0.04018762422681036,103.25,0.0,5.0,20.6
413,0,0,-0.010071783531061583,0.09865450858511338,103.5,0.0,5.0,20.650000000000002
414,0,0,-0.06420974715901369,0.13962944433146735,103.75,0.0,5.0,20.700000000000003
415,0,0,0.1295079350216119,0.15374690777005795,104.0,0.0,5.0,20.75
416,0,0,0.2276556416288118,0.17045438397002743,104.25,0.0,5.0,20.8
417,0,0,0.12549100426535767,0.1683340128755184,104.5,0.0,5.0,20.85
418,0,0,0.01866062805811182,0.0803215495969055,104.75,0.0,5.0,20.900000000000002
419,0,0,0.006559411053675435,0.16737435172438586,105.0,0.0,5.0,20.950000000000003
420,0,0,0.16806006825006897,0.22590925087911892,105.25,0.0,5.0,21.0
421,0,0,-0.12449382429135014,-0.1961398265558083,105.5,0.0,5.0,21.05
422,0,0,0.2332011754305524,-0.10516397145397383,105.75,0.0,5.0,21.1
423,0,0,0.22464430803070204,-0.12958227229725391,106.0,0.0,5.0,21.150000000000002
424,0,0,0.14764373297488687,-0.10199824135661668,106.25,0.0,5.0,21.200000000000003
425,0,0,0.30371893885228873,0.338449428713538,106.5,0.0,5.0,21.25
426,0,0,0.108302100667719,0.14194149608183762,106.75,0.0,5.0,21.3
427,0,0,-0.08684676726569235,0.04552675776331161,107.0,0.0,5.0,21.35
428,0,0,-0.10368566246106198,-0.1415341103805093,107.25,0.0,5.0,21.400000000000002
429,0,0,0.3994385078996065,-0.46658473283028634,107.5,0.0,5.0,21.450000000000003
430,0,0,-0.41786093883243547,-0.3168443590632142,107.75,0.0,5.0,21.5
431,0,0,0.07100779697111635,-0.05156799670959761,108.0,0.0,5.0,21.55
432,0,0,0.21056625599512407,-0.030441822708434853,108.25,0.0,5.0,21.6
433,0,0,-0.2491335551292179,0.05687566572691745,108.5,0.0,5.0,21.650000000000002
434,0,0,-0.22762480595733905,0.15569477222900163,108.75,0.0,5.0,21.700000000000003
435,0,0,0.03691585424267929,0.20093402786522707,109.0,0.0,5.0,21.75
436,0,0,0.14641429354302302,-0.16425345825328033,109.25,0.0,5.0,21.8
437,0,0,-0.14020498529912284,-0.2386359355218579,109.5,0.0,5.0,21.85
438,0,0,-0.2611355743026455,-0.035041373911092064,109.75,0.0,5.0,21.900000000000002
439,0,0,-0.2519498093692187,-0.03486816490063648,110.0,0.0,5.0,21.950000000000003
440,0,0,0.12945690685073838,0.014377599911596515,110.25,0.0,5.0,22.0
441,0,0,-0.030376440960999625,-0.14435890067704202,110.5,0.0,5.0,22.05
442,0,0,-0.08967059764931722,-0.1985362507619903,110.75,0.0,5.0,22.1
443,0,0,0.0918608663009356,0.02761094400834815,111.0,0.0,5.0,22.150000000000002
444,0,0,0.1454858506213763,-0.09668848244598742,111.25,0.0,5.0,22.200000000000003
445,0,0,-0.11445082018027151,-0.39188966911941936,111.5,0.0,5.0,22.25
446,0,0,-0.08284902527458898,-0.10421776480088746,111.75,0.0,5.0,22.3
447,0,0,-0.2346566768603271,0.4785628767720576,112.0,0.0,5.0,22.35
448,0,0,0.13206922108302835,0.4188098135517371,112.25,0.0,5.0,22.400000000000002
449,0,0,-0.15363414025948452,-0.42780465411688273,112.5,0.0,5.0,22.450000000000003
450,0,0,-0.13273670473678797,0.2725445837178497,112.75,0.0,5.0,22.5
451,0,0,-0.25601265232576603,0.14022124937782018,113.0,0.0,5.0,22.55
452,0,0,-0.25456772323633714,0.08644227379476944,113.25,0.0,5.0,22.6
453,0,0,0.08747377650392817,0.007760040113998844,113.5,0.0,5.0,22.650000000000002
454,0,0,0.05693694216762227,-0.09602240153849578,113.75,0.0,5.0,22.700000000000003
455,0,0,0.0865541991735646,0.18453562031230447,114.0,0.0,5.0,22.75
456,0,0,0.09139028422178191,0.08675651088882962,114.25,0.0,5.0,22.8
457,0,0,0.16489352268976032,-0.02365614421155808,114.5,0.0,5.0,22.85
458,0,0,0.20777190931808784,-0.10320413963399076,114.75,0.0,5.0,22.900000000000002
459,0,0,-0.11726285193577186,0.3950747539386913,115.0,0.0,5.0,22.950000000000003
460,0,0,0.21955370111046402,0.18990947384367324,115.25,0.0,5.0,23.0
461,0,0,-0.0005532591858292428,0.0997978393980548,115.5,0.0,5.0,23.05
462,0,0,-0.0716233390934867,-0.30087565408142364,115.75,0.0,5.0,23.1
463,0,0,0.1969207588635005,-0.19830834506919015,116.0,0.0,5.0,23.150000000000002
464,0,0,0.02702170709108589,0.02917712093747087,116.25,0.0,5.0,23.200000000000003
465,0,0,0.07610377216213071,0.236817729575842,116.5,0.0,5.0,23.25
466,0,0,0.21092655794900825,-0.07540926070895872,116.75,0.0,5.0,23.3
467,0,0,0.06619581065490936,-0.17594657820801457,117.0,0.0,5.0,23.35
468,0,0,-0.3651076192695575,0.11012544038661781,117.25,0.0,5.0,23.400000000000002
469,0,0,0.10703399779206453,-0.07703453967141144,117.5,0.0,5.0,23.450000000000003
470,0,0,0.2615827402326898,-0.25361992820004564,117.75,0.0,5.0,23.5
471,0,0,-0.2998979658221206,0.3572371620959134,118.0,0.0,5.0,23.55
472,0,0,0.14629730144513864,-0.2916010796585012,118.25,0.0,5.0,23.6
473,0,0,-0.07411978492639705,-0.2439118423652551,118.5,0.0,5.0,23.650000000000002
474,0,0,-0.05550144210218588,0.13885546908947338,118.75,0.0,5.0,23.700000000000003
475,0,0,0.17176990857570906,-0.14572348454926803,119.0,0.0,5.0,23.75
476,0,0,-0.2177680926568634,0.257737863029978,119.25,0.0,5.0,23.8
477,0,0,0.210670877269023,0.05145908985319077,119.5,0.0,5.0,23.85
478,0,0,-0.07621943539324254,0.14199791717571206,119.75,0.0,5.0,23.900000000000002
479,0,0,-0.32827120114343633,-0.3914592855957957,120.0,0.0,5.0,23.950000000000003
480,0,0,-0.4629081659179479,-0.06026029023574006,120.25,0.0,5.0,24.0
481,0,0,-0.07117619713068855,0.2874597025386395,120.5,0.0,5.0,24.05
482,0,0,-0.1245742415450831,0.2594276974605108,120.75,0.0,5.0,24.1
483,0,0,0.24834224238636754,0.3661988763867186,121.0,0.0,5.0,24.150000000000002
484,0,0,0.1764758920001125,0.08813823581432001,121.25,0.0,5.0,24.200000000000003
485,0,0,-0.04299710654620653,-0.05187655033413183,121.5,0.0,5.0,24.25
486,0,0,0.1558065419822201,-0.030297892331194155,121.75,0.0,5.0,24.3
487,0,0,-0.2724774948777365,0.6090114282388055,122.0,0.0,5.0,24.35
488,0,0,0.15754904182634893,0.30403918093424953,122.25,0.0,5.0,24.400000000000002
489,0,0,-0.2364184420479808,0.09008117609536015,122.5,0.0,5.0,24.450000000000003
490,0,0,-0.014426345097320381,-0.1177500900574823,122.75,0.0,5.0,24.5
491,0,0,-0.08924015336854457,0.15522905702569345,123.0,0.0,5.0,24.55
492,0,0,-0.19252095702075894,0.41383712215189683,123.25,0.0,5.0,24.6
493,0,0,-0.20666083764583776,-0.3349826623270628,123.5,0.0,5.0,24.650000000000002
494,0,0,-0.14120899291595831,-0.11354856909161828,123.75,0.0,5.0,24.700000000000003
495,0,0,-0.06349512959338151,0.37582356744592105,124.0,0.0,5.0,24.75
496,0,0,-0.13091781647548675,-0.17944053395549722,124.25,0.0,5.0,24.8
497,0,0,0.037958259642404776,-0.08669792621418991,124.5,0.0,5.0,24.85
498,0,0,0.3442716879484278,-0.03849901112336729,124.75,0.0,5.0,24.900000000000002
499,0,0,0.2827216216307432,0.09543502785299646,125.0,0.0,5.0,24.950000000000003
500,0,0,0.1943640974450617,-0.011151749020230297,125.25,0.0,5.0,25.0
501,0,0,0.05950726936053256,-0.2853668303060038,125.5,0.0,5.0,25.05
502,0,0,0.25344798436553523,0.04942173443109283,125.75,0.0,5.0,25.1
503,0,0,0.1224582890268511,-0.055589129203168754,126.0,0.0,5.0,25.150000000000002
504,0,0,-0.05918241580117504,-0.20572853929745266,126.25,0.0,5.0,25.200000000000003
505,0,0,0.17886533340968905,-0.16043168823550585,126.5,0.0,5.0,25.25
506,0,0,0.3472332576951917,0.2735608983101114,126.75,0.0,5.0,25.3
507,0,0,0.1643638630627861,0.1419936833741761,127.0,0.0,5.0,25.35
508,0,0,0.05059592186858685,-0.19822975643523016,127.25,0.0,5.0,25.400000000000002
509,0,0,-0.14619527624018347,-0.05236675722103824,127.5,0.0,5.0,25.450000000000003
510,0,0,0.07306961807238017,-0.07474874188155999,127.75,0.0,5.0,25.5
511,0,0,0.011270922272027759,-0.41229155173349286,128.0,0.0,5.0,25.55
512,0,0,0.022881942604189284,-0.07419211930594395,128.25,0.0,5.0,25.6
513,0,0,0.18447275976135702,-0.23465498126838372,128.5,0.0,5.0,25.650000000000002
514,0,0,0.1702010946793014,-0.049481584599346214,128.75,0.0,5.0,25.700000000000003
515,0,0,-0.17381138458074988,-0.28286742333820825,129.0,0.0,5.0,25.75
516,0,0,0.09902443688673665,0.096410873250443,129.25,0.0,5.0,25.8
517,0,0,0.18295671047653925,-0.08088817774003623,129.5,0.0,5.0,25.85
518,0,0,0.16554192964952355,0.06577177792832539,129.75,0.0,5.0,25.900000000000002
519,0,0,-0.07940825421805764,-0.15715454979649257,130.0,0.0,5.0,25.950000000000003
520,0,0,0.19646835344196817,0.18059024965138085,130.25,0.0,5.0,26.0
521,0,0,-0.051053830340207884,-0.16653170197902067,130.5,0.0,5.0,26.05
522,0,0,-0.27356140857725453,-0.01783082324881272,130.75,0.0,5.0,26.1
523,0,0,-0.031146244775255516,-0.19495340483561924,131.0,0.0,5.0,26.150000000000002
524,0,0,0.1985223730675286,-0.05699618600313836,131.25,0.0,5.0,26.200000000000003
525,0,0,-0.23339683027735658,-0.05283519750874077,131.5,0.0,5.0,26.25
526,0,0,0.17805342727227713,0.24448017058524793,131.75,0.0,5.0,26.3
527,0,0,-0.06595574092582433,-0.10234948561498843,132.0,0.0,5.0,26.35
528,0,0,-0.030781743853026712,0.08510039040299117,132.25,0.0,5.0,26.400000000000002
529,0,0,0.33758418680542995,-0.16365937621507248,132.5,0.0,5.0,26.450000000000003
530,0,0,-0.1835136586471561,0.08908473492414284,132.75,0.0,5.0,26.5
531,0,0,0.0428049549093332,-0.12892948200843438,133.0,0.0,5.0,26.55
532,0,0,0.028446576045944846,-0.06144307370818674,133.25,0.0,5.0,26.6
533,0,0,-0.18183570682776365,-0.20236645762549776,133.5,0.0,5.0,26.650000000000002
534,0,0,0.0037875054121739894,0.055727610909190865,133.75,0.0,5.0,26.700000000000003
535,0,0,0.2629157328527168,0.22952909358193754,134.0,0.0,5.0,26.75
536,0,0,-0.2846623198182527,-0.08229921457406823,134.25,0.0,5.0,26.8
537,0,0,0.001260051111309171,-0.2804753589614817,134.5,0.0,5.0,26.85
538,0,0,-0.23657677910851216,0.010631699317499707,134.75,0.0,5.0,26.900000000000002
539,0,0,0.1253355636693236,-0.4287740398937537,135.0,0.0,5.0,26.950000000000003
540,0,0,0.3085244842098481,0.08457958736238844,135.25,0.0,5.0,27.0
541,0,0,-0.11945401005941861,0.1521341522256667,135.5,0.0,5.0,27.05
542,0,0,-0.1346786380187017,0.034012426781853664,135.75,0.0,5.0,27.1
543,0,0,0.1534486469076603,-0.2621542126380298,136.0,0.0,5.0,27.150000000000002
544,0,0,0.13630279510925422,-0.4888286704992725,136.25,0.0,5.0,27.200000000000003
545,0,0,0.024888592234525716,-0.02917993966256411,136.5,0.0,5.0,27.25
546,0,0,0.1653767937958074,-0.09117613786165245,136.75,0.0,5.0,27.3
547,0,0,0.03230385857099352,0.10995970715906639,137.0,0.0,5.0,27.35
548,0,0,0.12808834916463335,-0.2451850441849331,137.25,0.0,5.0,27.400000000000002
549,0,0,0.028666646550264532,0.22578569018715272,137.5,0.0,5.0,27.450000000000003
550,0,0,0.041657100883487855,-0.07697150746850029,137.75,0.0,5.0,27.5
551,0,0,-0.2953076467439483,-0.09588119001833464,138.0,0.0,5.0,27.55
552,0,0,0.15902407897896173,-0.06957884646637152,138.25,0.0,5.0,27.6
553,0,0,-0.11306135809838297,0.2947248344245111,138.5,0.0,5.0,27.650000000000002
554,0,0,0.06676323713258912,0.12568913008791238,138.75,0.0,5.0,27.700000000000003
555,0,0,0.26685158246951707,-0.23166226896860043,139.0,0.0,5.0,27.75
556,0,0,0.23475421188020756,0.09285119977653383,139.25,0.0,5.0,27.8
557,0,0,0.27883621595317803,0.10312884642594576,139.5,0.0,5.0,27.85
558,0,0,0.18213136831086862,0.03742761827786364,139.75,0.0,5.0,27.900000000000002
559,0,0,0.169536761471775,0.006032646015432616,140.0,0.0,5.0,27.950000000000003
560,0,0,-0.44179257611392936,-0.5621406872182398,140.25,0.0,5.0,28.0
561,0,0,0.1618866605254796,-0.11012580982682736,140.5,0.0,5.0,28.05
562,0,0,-0.0014546364776144762,-0.016093741841294813,140.75,0.0,5.0,28.1
563,0,0,0.16553826965894336,-0.16525959532994874,141.0,0.0,5.0,28.150000000000002
564,0,0,-0.021103848056420488,-0.0016752135145827218,141.25,0.0,5.0,28.200000000000003
565,0,0,0.11931852398575325,-0.12520337970989315,141.5,0.0,5.0,28.25
566,0,0,0.22495395219961836,-0.0054963370529053255,141.75,0.0,5.0,28.3
567,0,0,0.5294297081293381,0.0749228773391236,142.0,0.0,5.0,28.35
568,0,0,-0.0185283558182994,0.2823801043924718,142.25,0.0,5.0,28.400000000000002
569,0,0,0.03760193727077038,0.05436125176933711,142.5,0.0,5.0,28.450000000000003
570,0,0,0.14641666725952085,-0.018212664840437414,142.75,0.0,5.0,28.5
571,0,0,0.11321030184052638,0.12559830131674518,143.0,0.0,5.0,28.55
572,0,0,0.148290138489706,0.49852729190900447,143.25,0.0,5.0,28.6
573,0,0,0.24018489444446547,0.24945132092869016,143.5,0.0,5.0,28.650000000000002
574,0,0,-0.1337514659403322,0.09089640312441077,143.75,0.0,5.0,28.700000000000003
575,0,0,0.1884293274523707,0.2715398635627093,144.0,0.0,5.0,28.75
576,0,0,0.0033365106420044054,0.036080681610686616,144.25,0.0,5.0,28.8
577,0,0,-0.24387339122867982,-0.2341552387925377,144.5,0.0,5.0,28.85
578,0,0,0.18361985572852862,-0.051365904732211476,144.75,0.0,5.0,28.900000000000002
579,0,0,-0.2710630250263093,0.061975063920432005,145.0,0.0,5.0,28.950000000000003
580,0,0,-0.1423595545770052,0.4393228673661309,145.25,0.0,5.0,29.0
581,0,0,-0.06586847929980327,0.1135732190106616,145.5,0.0,5.0,29.05
582,0,0,-0.2519661969869347,-0.24038653031537482,145.75,0.0,5.0,29.1
583,0,0,-0.06584099597874499,-0.02045551510037437,146.0,0.0,5.0,29.150000000000002
584,0,0,-0.13840783363438222,-0.13449553263460912,146.25,0.0,5.0,29.200000000000003
585,0,0,0.13556115514862618,-0.1771442433841822,146.5,0.0,5.0,29.25
586,0,0,-0.11423111959346761,0.01502391519699632,146.75,0.0,5.0,29.3
587,0,0,-0.12960698857868883,0.17292153327048757,147.0,0.0,5.0,29.35
588,0,0,0.127130305403704,0.15354508024084182,147.25,0.0,5.0,29.400000000000002
589,0,0,-0.2859060179883694,0.06518556122689592,147.5,0.0,5.0,29.450000000000003
590,0,0,-0.011035016869081706,-0.21660849727984544,147.75,0.0,5.0,29.5
591,0,0,0.2870155559852121,0.2486106778072021,148.0,0.0,5.0,29.55
592,0,0,0.09042741924957282,0.13828398624039648,148.25,0.0,5.0,29.6
593,0,0,0.03772753698828019,0.23419871511443133,148.5,0.0,5.0,29.650000000000002
594,0,0,0.24434263612316678,-0.6947181930124993,148.75,0.0,5.0,29.700000000000003
595,0,0,0.08551449662557137,-0.10918780559945143,149.0,0.0,5.0,29.75
596,0,0,0.12944261884540517,0.30363450565645594,149.25,0.0,5.0,29.8
597,0,0,0.1078581856262864,0.07142140914613014,149.5,0.0,5.0,29.85
598,0,0,-0.11824665725636681,-0.04285480875716361,149.75,0.0,5.0,29.900000000000002
599,0,0,0.23134037673850671,-0.11787174280663074,150.0,0.0,5.0,29.950000000000003
600,0,0,-0.005679024783985307,0.0705453702459567,150.25,0.0,5.0,30.0
601,0,0,0.2324013902818748,-0.007109000441254965,150.5,0.0,5.0,30.05
602,0,0,0.09831481171852541,0.17504606147117882,150.75,0.0,5.0,30.1
603,0,0,0.10164020966534454,0.01955696641970607,151.0,0.0,5.0,30.150000000000002
604,0,0,-0.07036303753389729,-0.1558478057316733,151.25,0.0,5.0,30.200000000000003
605,0,0,-0.03367705799395334,0.05565751826999454,151.5,0.0,5.0,30.25
606,0,0,-0.11677958404432132,-0.09730145201413926,151.75,0.0,5.0,30.3
607,0,0,0.2648016349188755,-0.4284882790253753,152.0,0.0,5.0,30.35
608,0,0,-0.13492546776432437,0.11745835357337873,152.25,0.0,5.0,30.400000000000002
609,0,0,-0.0899683100552314,-0.049861466751042104,152.5,0.0,5.0,30.450000000000003
610,0,0,-0.1235473983114571,-0.08331309231973769,152.75,0.0,5.0,30.5
611,0,0,-0.12254552201072498,0.2920293381846833,153.0,0.0,5.0,30.55
612,0,0,0.1743122160953132,0.04783581461242793,153.25,0.0,5.0,30.6
613,0,0,-0.09686123316961569,-0.24846938278725259,153.5,0.0,5.0,30.650000000000002
614,0,0,0.2664481172724453,0.03078695055530789,153.75,0.0,5.0,30.700000000000003
615,0,0,-0.17525900133990924,-0.3458239375011981,154.0,0.0,5.0,30.75
616,0,0,0.06293368250955397,0.020244699877049785,154.25,0.0,5.0,30.8
617,0,0,-0.15382842509094946,-0.0742379537654043,154.5,0.0,5.0,30.85
618,0,0,-0.1188088555496651,-0.18612801253947264,154.75,0.0,5.0,30.900000000000002
619,0,0,0.35541878925415593,0.3337259119359717,155.0,0.0,5.0,30.950000000000003
620,0,0,-0.11851465191983056,0.1576167850446018,155.25,0.0,5.0,31.0
621,0,0,-0.0370919927383582,0.14450849837001378,155.5,0.0,5.0,31.05
622,0,0,-0.12484394113814656,-0.2760577721515341,155.75,0.0,5.0,31.1
623,0,0,-0.17194971301218398,-0.29378346169119157,156.0,0.0,5.0,31.150000000000002
624,0,0,-0.09296734318425778,0.03289166047958262,156.25,0.0,5.0,31.200000000000003
625,0,0,0.5997412198643716,0.11509850982234925,156.5,0.0,5.0,31.25
626,0,0,0.2387773309660544,-0.31599691771421246,156.75,0.0,5.0,31.3
627,0,0,0.1836021464618945,0.18479886517542798,157.0,0.0,5.0,31.35
628,0,0,-0.31742939480685956,-0.07400643662255554,157.25,0.0,5.0,31.400000000000002
629,0,0,0.06926449257236561,-0.07081451166460592,157.5,0.0,5.0,31.450000000000003
630,0,0,-0.19923835567594236,-0.24621910287776239,157.75,0.0,5.0,31.5
631,0,0,0.06925235599954331,-0.3804479217375457,158.0,0.0,5.0,31.55
632,0,0,0.04320708552076732,-0.05668982879290685,158.25,0.0,5.0,31.6
633,0,0,-0.14610904481284653,0.18219684286959256,158.5,0.0,5.0,31.650000000000002
634,0,0,0.03894067526118274,-0.35366614379932826,158.75,0.0,5.0,31.700000000000003
635,0,0,0.12108678498836781,0.1314504183363071,159.0,0.0,5.0,31.75
636,0,0,-0.10623704624146756,-0.49029193284903105,159.25,0.0,5.0,31.8
637,0,0,0.25784323718462815,0.31581613669281944,159.5,0.0,5.0,31.85
638,0,0,0.03523758486233928,0.009757754326864836,159.75,0.0,5.0,31.900000000000002
639,0,0,0.13462507552063807,0.28012385374120946,160.0,0.0,5.0,31.950000000000003
640,0,0,0.04764481031617574,-0.024165624802927523,160.25,0.0,5.0,32.0
641,0,0,-0.19498287273708423,0.3104857826574783,160.5,0.0,5.0,32.050000000000004
642,0,0,0.11894783621816168,-0.28388793170651233,160.75,0.0,5.0,32.1
643,0,0,-0.5724174227168751,0.0551727188043107,161.0,0.0,5.0,32.15
644,0,0,0.41740364570375477,-0.09975576577600546,161.25,0.0,5.0,32.2
645,0,0,-0.1553871249211332,0.12332091021080407,161.5,0.0,5.0,32.25
646,0,0,0.17293281137941907,0.07061459806194569,161.75,0.0,5.0,32.300000000000004
647,0,0,0.2399949686461929,0.2693552406698218,162.0,0.0,5.0,32.35
648,0,0,0.1988147312509288,0.042603445353535184,162.25,0.0,5.0,32.4
649,0,0,0.14973928391406677,-0.1178244940492929,162.5,0.0,5.0,32.45
650,0,0,-0.01296783818553757,0.2449303460173783,162.75,0.0,5.0,32.5
651,0,0,-0.15152494842525208,0.2967485123421873,163.0,0.0,5.0,32.550000000000004
652,0,0,0.030205439096289963,-0.44366294690725444,163.25,0.0,5.0,32.6
653,0,0,-0.07069934071120368,0.4546725782103105,163.5,0.0,5.0,32.65
654,0,0,-0.21374035999138422,-0.5076328329455011,163.75,0.0,5.0,32.7
655,0,0,-0.11187751733538571,0.02505683807861152,164.0,0.0,5.0,32.75
656,0,0,-0.11102945727088709,0.0666834645070975,164.25,0.0,5.0,32.800000000000004
657,0,0,-0.5892798598727703,-0.011269485779266668,164.5,0.0,5.0,32.85
658,0,0,-0.008376851937410645,-0.24722266523451564,164.75,0.0,5.0,32.9
659,0,0,-0.38574957927859915,-0.3403232910459881,165.0,0.0,5.0,32.95
660,0,0,-0.013173805187749913,0.1103537198127536,165.25,0.0,5.0,33.0
661,0,0,-0.09944364698018823,0.005167478625815271,165.5,0.0,5.0,33.050000000000004
662,0,0,-0.13949833919594276,0.015304016817511427,165.75,0.0,5.0,33.1
663,0,0,0.04359067676208825,-0.36667521721667357,166.0,0.0,5.0,33.15
664,0,0,-0.21083442003491767,-0.28373623299602907,166.25,0.0,5.0,33.2
665,0,0,0.08861361033142726,-0.11319182276184572,166.5,0.0,5.0,33.25
666,0,0,-0.12727465827608495,0.09370309020048287,166.75,0.0,5.0,33.300000000000004
667,0,0,0.026032456645335152,-0.11028320383272582,167.0,0.0,5.0,33.35
668,0,0,-0.099743822019638,-0.34742764287478195,167.25,0.0,5.0,33.4
669,0,0,0.35665918677513336,0.24944042302687294,167.5,0.0,5.0,33.45
670,0,0,-0.07260644526734607,-0.15223055096329613,167.75,0.0,5.0,33.5
671,0,0,0.13001359404036775,-0.15473750599272315,168.0,0.0,5.0,33.550000000000004
672,0,0,-0.28978600503781116,-0.1702994995337916,168.25,0.0,5.0,33.6
673,0,0,-0.22447158702162517,0.0171073866327651,168.5,0.0,5.0,33.65
674,0,0,0.1342548090047869,0.04738347702053087,168.75,0.0,5.0,33.7
675,0,0,-0.17060999479652622,0.17410956931894703,169.0,0.0,5.0,33.75
676,0,0,0.1702167591620579,0.24895044383498333,169.25,0.0,5.0,33.800000000000004
677,0,0,-0.09767821873317184,-0.19469877215448217,169.5,0.0,5.0,33.85
678,0,0,-0.3996000383448835,0.41419921078368854,169.75,0.0,5.0,33.9
679,0,0,-0.06765694141917981,-0.25446494901875266,170.0,0.0,5.0,33.95
680,0,0,-0.024763115680842565,-0.23782641929125142,170.25,0.0,5.0,34.0
681,0,0,-0.0019421298099967202,0.1986527995285292,170.5,0.0,5.0,34.050000000000004
682,0,0,0.02735327301935845,-0.15053597083783454,170.75,0.0,5.0,34.1
683,0,0,-0.06257460402823406,0.06674596803836293,171.0,0.0,5.0,34.15
684,0,0,0.22169673779384402,-0.07679804142228094,171.25,0.0,5.0,34.2
685,0,0,-0.19727336166430776,-0.10240856153776745,171.5,0.0,5.0,34.25
686,0,0,-0.016116075033036255,-0.29341829300387284,171.75,0.0,5.0,34.300000000000004
687,0,0,0.17184017153352527,0.07707616854666158,172.0,0.0,5.0,34.35
688,0,0,0.1663540465744605,-0.28057360149616756,172.25,0.0,5.0,34.4
689,0,0,0.1422640651842921,-0.3318869079928795,172.5,0.0,5.0,34.45
690,0,0,0.3392830406388732,-0.0945974225912567,172.75,0.0,5.0,34.5
691,0,0,-0.11690446525832239,0.1954998057534009,173.0,0.0,5.0,34.550000000000004
692,0,0,-0.20756460095151683,-0.037914941131019175,173.25,0.0,5.0,34.6
693,0,0,0.07444633896231476,0.0503801345018105,173.5,0.0,5.0,34.65
694,0,0,-0.06891475692762575,-0.13870400347454717,173.75,0.0,5.0,34.7
695,0,0,-0.6619369111597044,-0.11232120801073907,174.0,0.0,5.0,34.75
696,0,0,-0.14451153764825073,0.2144724783869333,174.25,0.0,5.0,34.800000000000004
697,0,0,0.14378925666230363,0.03271275547389318,174.5,0.0,5.0,34.85
698,0,0,0.21362061289288636,-0.028308980932743328,174.75,0.0,5.0,34.9
699,0,0,0.13776958269283554,0.03388417747382163,175.0,0.0,5.0,34.95
700,0,0,-0.018102565966138517,-0.15667277414654204,175.25,0.0,5.0,35.0
701,0,0,-0.07853685282275134,0.36206194823316407,175.5,0.0,5.0,35.050000000000004
702,0,0,0.1581475408939585,0.0047408782016132665,175.75,0.0,5.0,35.1
703,0,0,0.09349509188349102,0.009267208429408967,176.0,0.0,5.0,35.15
704,0,0,0.4009346941034395,0.15397110051778395,176.25,0.0,5.0,35.2
705,0,0,-0.1637548206769005,0.1078585803394475,176.5,0.0,5.0,35.25
706,0,0,-0.08495984832424858,0.2862675853401295,176.75,0.0,5.0,35.300000000000004
707,0,0,-0.01807008857139421,0.04729593583499626,177.0,0.0,5.0,35.35
708,0,0,0.3941796889584814,-0.019646406277274625,177.25,0.0,5.0,35.4
709,0,0,0.21722026122896232,-0.047819778368362174,177.5,0.0,5.0,35.45
710,0,0,-0.23582111281353224,-0.23542145890880356,177.75,0.0,5.0,35.5
711,0,0,-0.014540199404278711,-0.0977491381027655,178.0,0.0,5.0,35.550000000000004
712,0,0,0.2533530891278465,-0.17093711895985067,178.25,0.0,5.0,35.6
713,0,0,0.11200730124765111,0.14513268600533522,178.5,0.0,5.0,35.65
714,0,0,0.28549071647888047,-0.11802169781443542,178.75,0.0,5.0,35.7
715,0,0,0.3002638697180156,0.03342462272208811,179.0,0.0,5.0,35.75
716,0,0,0.2590554271525057,0.23693388197465684,179.25,0.0,5.0,35.800000000000004
717,0,0,0.3417532848824485,0.1723150653919339,179.5,0.0,5.0,35.85
718,0,0,-0.26910857014302575,0.17298991286488327,179.75,0.0,5.0,35.9
719,0,0,-0.0761929772056775,0.22719329030805333,180.0,0.0,5.0,35.95
720,0,0,0.275693850480187,-0.20504830021184986,180.25,0.0,5.0,36.0
721,0,0,0.21350303061661965,0.16196347834204114,180.5,0.0,5.0,36.050000000000004
722,0,0,-0.28500942266173,-0.3522672060487532,180.75,0.0,5.0,36.1
723,0,0,0.3195034672635542,0.007448946749503896,181.0,0.0,5.0,36.15
724,0,0,0.1683450200520887,0.07779470013026894,181.25,0.0,5.0,36.2
725,0,0,-0.2140552587661164,0.02252705615020464,181.5,0.0,5.0,36.25
726,0,0,0.07466604635436908,-0.32814897552781264,181.75,0.0,5.0,36.300000000000004
727,0,0,0.0432192572036726,-0.13675030277608455,182.0,0.0,5.0,36.35
728,0,0,-0.1792919845846943,-0.32856181834712395,182.25,0.0,5.0,36.4
729,0,0,0.18942833050798888,0.18795623575643985,182.5,0.0,5.0,36.45
730,0,0,-0.01838915571279044,-0.019324744786123445,182.75,0.0,5.0,36.5
731,0,0,0.17601065957953008,-0.07474113438962533,183.0,0.0,5.0,36.550000000000004
732,0,0,-0.03625351384163808,-0.2969496885082194,183.25,0.0,5.0,36.6
733,0,0,0.08404894440371241,0.21906451543913993,183.5,0.0,5.0,36.65
734,0,0,0.5110579028105199,-0.12763513477524316,183.75,0.0,5.0,36.7
735,0,0,-0.1307865913312642,-0.05093564730470911,184.0,0.0,5.0,36.75
736,0,0,0.4187411154671883,0.008074607019368563,184.25,0.0,5.0,36.800000000000004
737,0,0,-0.2801358502416072,0.0024427257220642836,184.5,0.0,5.0,36.85
738,0,0,0.25499699139153537,0.04946974165032293,184.75,0.0,5.0,36.9
739,0,0,0.04202992859754654,-0.08501030667905322,185.0,0.0,5.0,36.95
740,0,0,-0.26375878335361724,-0.28886209882244734,185.25,0.0,5.0,37.0
741,0,0,0.005182714592702678,-0.2959804239106533,185.5,0.0,5.0,37.050000000000004
742,0,0,-0.2819470169128363,-0.17865644221142726,185.75,0.0,5.0,37.1
743,0,0,-0.02575448174248326,0.15850854541618864,186.0,0.0,5.0,37.15
744,0,0,-0.18369907769270227,-0.38583283601962304,186.25,0.0,5.0,37.2
745,0,0,0.1654205682130874,-0.10019912714406687,186.5,0.0,5.0,37.25
746,0,0,-0.002545523646772935,0.3879694532279858,186.75,0.0,5.0,37.300000000000004
747,0,0,0.5183963215478227,0.25093723879924723,187.0,0.0,5.0,37.35
748,0,0,-0.38983239440640793,0.2951498738692466,187.25,0.0,5.0,37.4
749,0,0,-0.24070906137692188,-0.08846768906305025,187.5,0.0,5.0,37.45
750,0,0,-0.28046995408914244,0.04497007062474625,187.75,0.0,5.0,37.5
751,0,0,0.05418591853827982,-0.016360616189946494,188.0,0.0,5.0,37.550000000000004
752,0,0,-0.06987210587427062,-0.024648678534733293,188.25,0.0,5.0,37.6
753,0,0,-0.017264830687880883,-0.15688588109396118,188.5,0.0,5.0,37.65
754,0,0,-0.3002087440758869,-0.26000407561338684,188.75,0.0,5.0,37.7
755,0,0,0.10962973507504258,0.004920053072467792,189.0,0.0,5.0,37.75
756,0,0,0.1788835739340569,-0.05555536721486394,189.25,0.0,5.0,37.800000000000004
757,0,0,-0.07964927499557194,-0.032416024299062866,189.5,0.0,5.0,37.85
758,0,0,-0.15519542113056617,-0.12014089918869977,189.75,0.0,5.0,37.9
759,0,0,0.1851518520042803,0.1353610555785969,190.0,0.0,5.0,37.95
760,0,0,0.017991292812234945,-0.37908821048128094,190.25,0.0,5.0,38.0
761,0,0,-0.054726659463674,-0.03876119007394862,190.5,0.0,5.0,38.050000000000004
762,0,0,-0.2871550945088853,0.162538870000703,190.75,0.0,5.0,38.1
763,0,0,0.09987609585326856,0.029348180666638503,191.0,0.0,5.0,38.15
764,0,0,0.13757816752676905,0.1485837404768945,191.25,0.0,5.0,38.2
765,0,0,0.1604867177808721,-0.39402421970666396,191.5,0.0,5.0,38.25
766,0,0,-0.37877094733718564,0.3050229836881676,191.75,0.0,5.0,38.300000000000004
767,0,0,-0.13974715475524344,-0.013658484345593287,192.0,0.0,5.0,38.35
768,0,0,0.26574869764900755,0.09432744857577098,192.25,0.0,5.0,38.400000000000006
769,0,0,0.4864116785688503,0.02764286792297087,192.5,0.0,5.0,38.45
770,0,0,-0.1247880966296723,0.021601047781387772,192.75,0.0,5.0,38.5
771,0,0,-0.08013324466885305,-0.23536909497622993,193.0,0.0,5.0,38.550000000000004
772,0,0,-0.04160152389264235,-0.048838115299639225,193.25,0.0,5.0,38.6
773,0,0,0.1763869067645265,0.03133771167493089,193.5,0.0,5.0,38.650000000000006
774,0,0,0.2837826219359741,-0.027127395928859366,193.75,0.0,5.0,38.7
775,0,0,-0.20424237894818098,-0.3263639886299598,194.0,0.0,5.0,38.75
776,0,0,-0.07187242007712359,-0.212277984492122,194.25,0.0,5.0,38.800000000000004
777,0,0,-0.06096411226320924,0.05350916518889431,194.5,0.0,5.0,38.85
778,0,0,0.07180592295172179,0.13244007806102243,194.75,0.0,5.0,38.900000000000006
779,0,0,-0.170694134502366,-0.14047304387766213,195.0,0.0,5.0,38.95
780,0,0,0.03004491718830008,0.1544390015233744,195.25,0.0,5.0,39.0
781,0,0,0.17439594227263452,0.01693566908069506,195.5,0.0,5.0,39.050000000000004
782,0,0,-0.09403358188853511,0.0731178317381662,195.75,0.0,5.0,39.1
783,0,0,0.27992901082705807,-0.1847245557201219,196.0,0.0,5.0,39.150000000000006
784,0,0,0.12956364984466986,-0.48089111109326566,196.25,0.0,5.0,39.2
785,0,0,0.05863663429624401,-0.05739119514022345,196.5,0.0,5.0,39.25
786,0,0,0.4829822764523572,0.058360937495691725,196.75,0.0,5.0,39.300000000000004
787,0,0,-0.2076357995779694,-0.2991093662418564,197.0,0.0,5.0,39.35
788,0,0,0.04115329148210954,-0.2585161232835335,197.25,0.0,5.0,39.400000000000006
789,0,0,-0.017936338101636903,0.24557628740193144,197.5,0.0,5.0,39.45
790,0,0,0.42706993629397766,-0.06242317345653965,197.75,0.0,5.0,39.5
791,0,0,0.16078798557398832,-0.23451936816945662,198.0,0.0,5.0,39.550000000000004
792,0,0,-0.017487900308055793,-0.19654693211186158,198.25,0.0,5.0,39.6
793,0,0,0.16382709418307057,0.12993348165973034,198.5,0.0,5.0,39.650000000000006
794,0,0,-0.18728614509306363,-0.17777081590281574,198.75,0.0,5.0,39.7
795,0,0,0.034385611134859766,-0.4199302665716297,199.0,0.0,5.0,39.75
796,0,0,-0.026581216025853102,0.3637372834170249,199.25,0.0,5.0,39.800000000000004
797,0,0,-0.11584907839161723,-0.2449538480142265,199.5,0.0,5.0,39.85
798,0,0,-0.043079599342811775,-0.4027544556417466,199.75,0.0,5.0,39.900000000000006
799,0,0,0.019164129988673367,0.05090426484255124,200.0,0.0,5.0,39.95
800,0,0,0.042039591191313674,-0.03473583257798545,200.25,0.0,5.0,40.0
801,0,0,0.3519588520359112,-0.2588940697129342,200.5,0.0,5.0,40.050000000000004
802,0,0,0.2359749797936062,-0.20528848489331641,200.75,0.0,5.0,40.1
803,0,0,-0.1492210307339866,0.1080976820083449,201.0,0.0,5.0,40.150000000000006
804,0,0,-0.19276336842927308,-0.08673533818247821,201.25,0.0,5.0,40.2
805,0,0,-0.23174819912962744,-0.112946581222487,201.5,0.0,5.0,40.25
806,0,0,0.24954001755680846,-0.11393626219314833,201.75,0.0,5.0,40.300000000000004
807,0,0,-0.3280344933229766,0.28291872629017106,202.0,0.0,5.0,40.35
808,0,0,-0.08913818784345727,-0.04450096456081695,202.25,0.0,5.0,40.400000000000006
809,0,0,0.1625534289245163,-0.2683082003548772,202.5,0.0,5.0,40.45
810,0,0,0.3911979467026167,-0.20128199190332344,202.75,0.0,5.0,40.5
811,0,0,-0.2957899083122324,-0.20078975838638363,203.0,0.0,5.0,40.550000000000004
812,0,0,0.11512998127015309,-0.05754958719006745,203.25,0.0,5.0,40.6
813,0,0,0.19483067226859946,-0.28868826844711487,203.5,0.0,5.0,40.650000000000006
814,0,0,0.24299579839329966,0.13964619097173722,203.75,0.0,5.0,40.7
815,0,0,-0.018183313682599195,0.11915166155594088,204.0,0.0,5.0,40.75
816,0,0,-0.06789964477074673,-0.05335201046239586,204.25,0.0,5.0,40.800000000000004
817,0,0,-0.06342702768697041,0.1306100715938765,204.5,0.0,5.0,40.85
818,0,0,0.17030709660234467,0.03711324962486404,204.75,0.0,5.0,40.900000000000006
819,0,0,0.03210301089468571,-0.045198845711980906,205.0,0.0,5.0,40.95
820,0,0,-0.16086409596958007,0.022299705526583606,205.25,0.0,5.0,41.0
821,0,0,0.09793328515347566,-0.13020586706006096,205.5,0.0,5.0,41.050000000000004
822,0,0,-0.08571658897844804,0.3611163248246899,205.75,0.0,5.0,41.1
823,0,0,0.07173749150633218,0.5025254518017309,206.0,0.0,5.0,41.150000000000006
824,0,0,0.028504414636638466,0.09824352932679975,206.25,0.0,5.0,41.2
825,0,0,0.13079257732788224,0.030422697436733134,206.5,0.0,5.0,41.25
826,0,0,0.22782685229049304,0.20997564773845437,206.75,0.0,5.0,41.300000000000004
827,0,0,-0.2905720590293243,0.31067830201523455,207.0,0.0,5.0,41.35
828,0,0,-0.11905723877904922,-0.26675799349968704,207.25,0.0,5.0,41.400000000000006
829,0,0,-0.247703602812665,0.018874295586634476,207.5,0.0,5.0,41.45
830,0,0,-0.026301526231447016,0.2707126265331125,207.75,0.0,5.0,41.5
831,0,0,0.0010699233848568367,0.35260258645035597,208.0,0.0,5.0,41.550000000000004
832,0,0,-0.20098034302208256,0.08098601172527001,208.25,0.0,5.0,41.6
833,0,0,0.07968790072573041,-0.2775047657668193,208.5,0.0,5.0,41.650000000000006
834,0,0,-0.3680199721881665,0.2785025748895809,208.75,0.0,5.0,41.7
835,0,0,0.23765228818459883,-0.1186823612362832,209.0,0.0,5.0,41.75
836,0,0,-0.2907275753375581,0.25712507315463073,209.25,0.0,5.0,41.800000000000004
837,0,0,-0.20750898656255085,-0.1996700667889663,209.5,0.0,5.0,41.85
838,0,0,0.17901949694245112,0.3811504117170736,209.75,0.0,5.0,41.900000000000006
839,0,0,-0.15757736765465957,-0.27500569702492494,210.0,0.0,5.0,41.95
840,0,0,0.2005612245554497,0.2682753284253821,210.25,0.0,5.0,42.0
841,0,0,-0.14592870617889217,-0.04694384203113192,210.5,0.0,5.0,42.050000000000004
842,0,0,0.3825912406514787,-0.0971539454766217,210.75,0.0,5.0,42.1
843,0,0,0.21937146923388823,0.32244333429952265,211.0,0.0,5.0,42.150000000000006
844,0,0,-0.2134528042703602,-0.05458972792492888,211.25,0.0,5.0,42.2
845,0,0,-0.03189946210217471,-0.010374888129673453,211.5,0.0,5.0,42.25
846,0,0,0.13466243765375804,-0.03854140099105777,211.75,0.0,5.0,42.300000000000004
847,0,0,-0.04503432937587643,0.23428427302712823,212.0,0.0,5.0,42.35
848,0,0,-0.2109831011306226,0.000250970172951191,212.25,0.0,5.0,42.400000000000006
849,0,0,0.2770056624682446,-0.15444428526287568,212.5,0.0,5.0,42.45
850,0,0,0.18755259426817894,-0.21565673256450482,212.75,0.0,5.0,42.5
851,0,0,-0.3487753134396088,-0.33020674564330393,213.0,0.0,5.0,42.550000000000004
852,0,0,0.3001538543722613,0.06815455620301474,213.25,0.0,5.0,42.6
853,0,0,-0.11294974525639226,-0.35696816895733646,213.5,0.0,5.0,42.650000000000006
854,0,0,-0.0791895475808603,-0.08326543395893683,213.75,0.0,5.0,42.7
855,0,0,0.03248546027939736,-0.11368589115830162,214.0,0.0,5.0,42.75
856,0,0,-0.2925431050497957,0.12567591688271523,214.25,0.0,5.0,42.800000000000004
857,0,0,0.3460773171526547,0.12215138888170461,214.5,0.0,5.0,42.85
858,0,0,0.38339978019496,-0.14065633251706858,214.75,0.0,5.0,42.900000000000006
859,0,0,-0.1115279564145255,-0.2976287038663045,215.0,0.0,5.0,42.95
860,0,0,0.22158363606325993,0.33923130864724915,215.25,0.0,5.0,43.0
861,0,0,-0.28383742384451977,-0.3466862116155921,215.5,0.0,5.0,43.050000000000004
862,0,0,-0.0023529134068655064,0.13886463407453506,215.75,0.0,5.0,43.1
863,0,0,-0.32627388474158947,0.15377565471843202,216.0,0.0,5.0,43.150000000000006
864,0,0,0.12850254643501663,-0.0807091091974048,216.25,0.0,5.0,43.2
865,0,0,-0.2542830047115345,-0.07025293702292272,216.5,0.0,5.0,43.25
866,0,0,-0.1782359350901958,-0.18850027454456747,216.75,0.0,5.0,43.300000000000004
867,0,0,-0.02833142299984706,0.15784885606383967,217.0,0.0,5.0,43.35
868,0,0,0.09103914668065621,-0.07119621646352779,217.25,0.0,5.0,43.400000000000006
869,0,0,-0.19138598391920286,-0.23419282878507494,217.5,0.0,5.0,43.45
870,0,0,0.3516378951766881,0.1700877134378989,217.75,0.0,5.0,43.5
871,0,0,-0.17071267253586192,-0.26902132279007346,218.0,0.0,5.0,43.550000000000004
872,0,0,0.16592138286296906,0.04652289937502989,218.25,0.0,5.0,43.6
873,0,0,-0.15016472776612155,0.01818036683705802,218.5,0.0,5.0,43.650000000000006
874,0,0,0.016927999823311873,-0.05472235832996151,218.75,0.0,5.0,43.7
875,0,0,-0.21328498997083953,0.2699380510467883,219.0,0.0,5.0,43.75
876,0,0,0.033213016822333706,0.11679922046393652,219.25,0.0,5.0,43.800000000000004
877,0,0,-0.16725074268080398,-0.13749041217152605,219.5,0.0,5.0,43.85
878,0,0,-0.3267601851583721,0.09841308379968021,219.75,0.0,5.0,43.900000000000006
879,0,0,0.024385132972543896,-0.11035237830049519,220.0,0.0,5.0,43.95
880,0,0,-0.394552330036385,-0.36473714205310354,220.25,0.0,5.0,44.0
881,0,0,-0.3385643262794141,0.2812216675625839,220.5,0.0,5.0,44.050000000000004
882,0,0,0.15910506661846957,0.030094646630618494,220.75,0.0,5.0,44.1
883,0,0,0.5213807565558118,-0.10949860612201721,221.0,0.0,5.0,44.150000000000006
884,0,0,0.3409798977939804,0.1717690287602537,221.25,0.0,5.0,44.2
885,0,0,-0.511829897647576,-0.32222863279480185,221.5,0.0,5.0,44.25
886,0,0,0.17435762207065839,0.06643277080013177,221.75,0.0,5.0,44.300000000000004
887,0,0,-0.12717211040012494,-0.04842368206479378,222.0,0.0,5.0,44.35
888,0,0,-0.006564533924393404,0.12971411250564235,222.25,0.0,5.0,44.400000000000006
889,0,0,-0.005085091142082634,-0.26435962625639,222.5,0.0,5.0,44.45
890,0,0,-0.09262124732993648,0.11538180433736019,222.75,0.0,5.0,44.5
891,0,0,-0.0726216535824608,-0.3856217348916971,223.0,0.0,5.0,44.550000000000004
892,0,0,-0.17605481610017323,0.0914693235480589,223.25,0.0,5.0,44.6
893,0,0,-0.19524741181670838,-0.1335319627411729,223.5,0.0,5.0,44.650000000000006
894,0,0,0.012370227288008545,0.004252041709616941,223.75,0.0,5.0,44.7
895,0,0,-0.10054883406713117,0.0428496546352859,224.0,0.0,5.0,44.75
896,0,0,0.1278626578401115,-0.25858423529023467,224.25,0.0,5.0,44.800000000000004
897,0,0,-0.17035483575036814,-0.10075228971149233,224.5,0.0,5.0,44.85
898,0,0,-0.12362038031572038,-0.24467522471649025,224.75,0.0,5.0,44.900000000000006
899,0,0,-0.43803651493303636,0.09563573205805075,225.0,0.0,5.0,44.95
900,0,0,-0.07954965155265001,-0.04009869179241976,225.25,0.0,5.0,45.0
901,0,0,-0.2929145440071758,0.3041244464995397,225.5,0.0,5.0,45.050000000000004
902,0,0,0.06238606960599158,0.04832344685647111,225.75,0.0,5.0,45.1
903,0,0,-0.1640662136859754,-0.14604500764575715,226.0,0.0,5.0,45.150000000000006
904,0,0,0.1089139208129911,0.4013568235785992,226.25,0.0,5.0,45.2
905,0,0,-6.83175214697955e-05,-0.17923806696690647,226.5,0.0,5.0,45.25
906,0,0,0.09904335112098439,-0.08958177940290424,226.75,0.0,5.0,45.300000000000004
907,0,0,-0.02444333390724797,0.22810606551104887,227.0,0.0,5.0,45.35
908,0,0,0.08371180069431833,-0.0917952593642723,227.25,0.0,5.0,45.400000000000006
909,0,0,-0.06738419924901044,0.2729153468358167,227.5,0.0,5.0,45.45
910,0,0,-0.24963107715049332,0.16205669701627,227.75,0.0,5.0,45.5
911,0,0,-0.0068151663050789145,0.2830972941117305,228.0,0.0,5.0,45.550000000000004
912,0,0,0.06830478324157961,0.12198469719491767,228.25,0.0,5.0,45.6
913,0,0,-0.2591020603222234,-0.3585347528447391,228.5,0.0,5.0,45.650000000000006
914,0,0,-0.07422554548168431,-0.1866986023375531,228.75,0.0,5.0,45.7
915,0,0,-0.0717735513431277,0.4217996431101961,229.0,0.0,5.0,45.75
916,0,0,-0.09413078156080439,-0.23630119320957366,229.25,0.0,5.0,45.800000000000004
917,0,0,-0.23859900408796883,0.028192852876421644,229.5,0.0,5.0,45.85
918,0,0,0.18308426733947336,0.23860969374009713,229.75,0.0,5.0,45.900000000000006
919,0,0,-0.13511005473372215,0.027131896299976505,230.0,0.0,5.0,45.95
920,0,0,-0.12997960810614384,-0.059332650252819745,230.25,0.0,5.0,46.0
921,0,0,0.1037572694985267,0.26262379534586233,230.5,0.0,5.0,46.050000000000004
922,0,0,-0.49309062786012636,-0.30891699815704826,230.75,0.0,5.0,46.1
923,0,0,-0.14400166530221167,0.014659336653349226,231.0,0.0,5.0,46.150000000000006
924,0,0,0.149765425821205,-0.023704424416450664,231.25,0.0,5.0,46.2
925,0,0,-0.06968180824528833,0.04569285509486387,231.5,0.0,5.0,46.25
926,0,0,-0.2387730182979953,0.18177946308798573,231.75,0.0,5.0,46.300000000000004
927,0,0,-0.3356196255675446,0.25457033614948127,232.0,0.0,5.0,46.35
928,0,0,0.06631630312422972,-0.5912918220457314,232.25,0.0,5.0,46.400000000000006
929,0,0,-0.2081140024780322,0.18027073607180824,232.5,0.0,5.0,46.45
930,0,0,0.01304347765031811,-0.1396950578401643,232.75,0.0,5.0,46.5
931,0,0,-0.04870073965730352,0.2769812494194343,233.0,0.0,5.0,46.550000000000004
932,0,0,-0.21971718175405455,-0.3124950909218484,233.25,0.0,5.0,46.6
933,0,0,-0.039238214403356994,0.1677408988271185,233.5,0.0,5.0,46.650000000000006
934,0,0,-0.5083440725982238,-0.33639270932311605,233.75,0.0,5.0,46.7
935,0,0,-0.3130609660497663,0.0931177287694346,234.0,0.0,5.0,46.75
936,0,0,-0.03813461977553509,-0.08876797747370856,234.25,0.0,5.0,46.800000000000004
937,0,0,-0.15736241820170388,-0.0496275414554854,234.5,0.0,5.0,46.85
938,0,0,0.20089316543888602,0.21723915972321348,234.75,0.0,5.0,46.900000000000006
939,0,0,-0.027621085383119005,0.19689191198938538,235.0,0.0,5.0,46.95
940,0,0,0.3187386236103682,-0.20125201396437287,235.25,0.0,5.0,47.0
941,0,0,-0.07689024342973269,0.030376069041283295,235.5,0.0,5.0,47.050000000000004
942,0,0,0.19456699853100987,0.1372192640893981,235.75,0.0,5.0,47.1
943,0,0,-0.2605086426745632,0.20954879780485666,236.0,0.0,5.0,47.150000000000006
944,0,0,0.4559594121031221,0.0887938619378768,236.25,0.0,5.0,47.2
945,0,0,-0.2872491942697422,-0.11188102873335454,236.5,0.0,5.0,47.25
946,0,0,-0.07158676060569637,0.1049111087980203,236.75,0.0,5.0,47.300000000000004
947,0,0,0.41582210628907207,0.28997474648222993,237.0,0.0,5.0,47.35
948,0,0,0.10039403053913556,0.0465660792919317,237.25,0.0,5.0,47.400000000000006
949,0,0,0.3733865997281047,-0.012142330262472948,237.5,0.0,5.0,47.45
950,0,0,-0.034491127016118985,-0.12675999277020472,237.75,0.0,5.0,47.5
951,0,0,0.14040094223022667,-0.30393537615783317,238.0,0.0,5.0,47.550000000000004
952,0,0,-0.32427374884334237,-0.14539457284814428,238.25,0.0,5.0,47.6
953,0,0,0.004474702538764625,-0.20199872886985554,238.5,0.0,5.0,47.650000000000006
954,0,0,0.038700773301764385,-0.08621914329160636,238.75,0.0,5.0,47.7
955,0,0,0.2081694407372716,0.21492099022236408,239.0,0.0,5.0,47.75
956,0,0,-0.09611017573046932,0.09034376449049103,239.25,0.0,5.0,47.800000000000004
957,0,0,-0.032164884580860746,-0.10362282732781158,239.5,0.0,5.0,47.85
958,0,0,0.025472217262108438,0.3094192311036701,239.75,0.0,5.0,47.900000000000006
959,0,0,0.31710756771375226,-0.115566457804902,240.0,0.0,5.0,47.95
960,0,0,0.19111903262249919,0.33217367514696167,240.25,0.0,5.0,48.0
961,0,0,0.24242676417600825,0.02271853572756425,240.5,0.0,5.0,48.050000000000004
962,0,0,0.04553763807302508,-0.11184030760603969,240.75,0.0,5.0,48.1
963,0,0,-0.10184294584238214,-0.08391381189321068,241.0,0.0,5.0,48.150000000000006
964,0,0,0.09857474829150226,-0.15024357174990763,241.25,0.0,5.0,48.2
965,0,0,0.14130877791877366,0.17602878599527205,241.5,0.0,5.0,48.25
966,0,0,-0.1467883295923456,-0.21033203987172736,241.75,0.0,5.0,48.300000000000004
967,0,0,-0.37432500786245954,-0.030392129520052748,242.0,0.0,5.0,48.35
968,0,0,-0.03262041399104452,-0.13150350875610922,242.25,0.0,5.0,48.400000000000006
969,0,0,-0.036174346744855264,0.13758400599375392,242.5,0.0,5.0,48.45
970,0,0,-0.5232822863957285,-0.09691544195076546,242.75,0.0,5.0,48.5
971,0,0,-0.15290130277285763,0.45599591408131357,243.0,0.0,5.0,48.550000000000004
972,0,0,0.214994510292442,0.1972921697649269,243.25,0.0,5.0,48.6
973,0,0,-0.10190650097834944,-0.2136495590084751,243.5,0.0,5.0,48.650000000000006
974,0,0,-0.3173914825917061,0.3695418448026348,243.75,0.0,5.0,48.7
975,0,0,0.14881283340368454,0.18924660238664281,244.0,0.0,5.0,48.75
976,0,0,0.11469642671286528,-0.11793974706222098,244.25,0.0,5.0,48.800000000000004
977,0,0,-0.11544868741417379,0.22312462844024916,244.5,0.0,5.0,48.85
978,0,0,0.1917486489987107,-0.052069651652181595,244.75,0.0,5.0,48.900000000000006
979,0,0,0.1010524857920216,0.13530303714802847,245.0,0.0,5.0,48.95
980,0,0,-0.0421203346830993,0.33626014785937114,245.25,0.0,5.0,49.0
981,0,0,-0.1397146055161898,0.25484309962861346,245.5,0.0,5.0,49.050000000000004
982,0,0,-0.26546433522671875,-0.18105132575392313,245.75,0.0,5.0,49.1
983,0,0,-0.21619190090136678,0.2812282591687984,246.0,0.0,5.0,49.150000000000006
984,0,0,-0.27972818946186356,0.10774652123318805,246.25,0.0,5.0,49.2
985,0,0,0.1109764701827595,0.3739529493112836,246.5,0.0,5.0,49.25
986,0,0,0.262375406248555,-0.09841861186515778,246.75,0.0,5.0,49.300000000000004
987,0,0,-0.10323836943480601,0.21250119957067226,247.0,0.0,5.0,49.35
988,0,0,-0.023688351191080627,-0.24817464428899655,247.25,0.0,5.0,49.400000000000006
989,0,0,-0.15956890216959985,0.20671715678456973,247.5,0.0,5.0,49.45
990,0,0,0.16537680995137707,-0.14948184147926408,247.75,0.0,5.0,49.5
991,0,0,0.1674802065915353,0.16544060182416132,248.0,0.0,5.0,49.550000000000004
992,0,0,-0.1543234672271151,-0.10759304555015484,248.25,0.0,5.0,49.6
993,0,0,0.15405877021646874,0.08715151448240403,248.5,0.0,5.0,49.650000000000006
994,0,0,-0.30398717208728954,0.454848989925833,248.75,0.0,5.0,49.7
995,0,0,-0.2670487139121712,0.10073470345042566,249.0,0.0,5.0,49.75
996,0,0,-0.1388344950263369,-0.2813044082488783,249.25,0.0,5.0,49.800000000000004
997,0,0,0.03712983245351666,-0.061505903308511405,249.5,0.0,5.0,49.85
998,0,0,0.2476224294979867,-0.17577902746173013,249.75,0.0,5.0,49.900000000000006
999,0,0,-0.06421347988661785,0.29117432374090174,250.0,0.0,5.0,49.95
