,gt_x,gt_y,xs_x,xs_y
0,1.0,1.0,25.93717589645233,5.871187104000345
1,1.25,1.0,26.658410533687082,3.674965761943168
2,1.49999999875,1.0000249999999584,27.32030865672446,3.3569079601126623
3,1.7500000182839106,1.0000772785319616,27.883157794460484,3.134455472049873
4,2.000000079889782,1.0001591141369524,28.492491111962725,2.96948589525046
5,2.2500002040475,1.0002727853665685,29.061661287833186,2.8049087972823203
6,2.5000004103664795,1.0004205707849418,29.8725755669052,2.6797538239252994
7,2.750000717523364,1.000604748970462,30.70988245216602,2.5561607961884487
8,3.000001143199712,1.0008275985174937,31.608245401714253,2.4644847072136433
9,3.250001704019688,1.0010913980380487,32.33414920632194,2.367548395449445
10,3.500002415487756,1.0013984261634146,33.20412915682924,2.2972216314581995
11,3.75000329192636,1.0017509615457258,34.168134905343024,2.224673548161753
12,4.000004346413609,1.0021512828594856,35.149342068133436,2.15448442112837
13,4.250005590720961,1.002601668803029,35.695924671570296,2.076104789116842
14,4.500007035250901,1.0031043980999277,36.15019211969028,2.0194532869869435
15,4.750008688974615,1.0036617495003295,36.69301163170194,1.9788840596999626
16,5.000010559369668,1.0042760017822383,37.28395088542429,1.936350753871541
17,5.250012652357669,1.00494943375272,37.756451814659826,1.938905603763039
18,5.500014972241942,1.00568432424904,37.902252463837165,1.9203730700200659
19,5.750017521645189,1.0064829521397285,38.164894125698545,1.8924027069784606
20,6.000020301447149,1.0073475963255658,38.405701121673104,1.8624489283619299
21,6.250023310722259,1.0082805357404918,38.85549994346884,1.840349047189587
22,6.500026546677303,1.00928404935243,38.508822666631666,1.8057370612862995
23,6.750030004589063,1.0103604161640285,37.91287436158995,1.8002506762753288
24,7.000033677741969,1.011511915213312,37.28303652213562,1.7989650888883977
25,7.250037557365736,1.012740825574244,36.998141974142136,1.867305995989447
26,7.500041632573002,1.0140494263571944,35.3407205520748,2.092353819656856
27,7.750045890296969,1.01543999670931,33.959670537180784,2.387609974605438
28,8.000050315229021,1.0169148158147876,32.95654401793946,2.7129292869013204
29,8.250054889756363,1.0184761628950438,32.77786208177608,3.059930295523799
30,8.500059593899632,1.0201263172087789,32.76031317669888,3.408067898302985
31,8.750064405250518,1.0218675580519347,33.432057314834836,3.662665270205595
32,9.000069298909375,1.0237021647575406,34.46854908624632,3.891425129824948
33,9.250074247422832,1.0256324166954456,35.795331413384304,4.107351292907374
34,9.500079220721394,1.0276605932719347,37.02471388018259,4.284383681121358
35,9.75008418605704,1.029788973929226,38.19923596955196,4.4394458522079265
36,10.000089107940823,1.0320198381448458,39.288836288964056,4.581064753675203
37,10.250093948080458,1.0343554654308769,40.50953185900614,4.7411150502303006
38,10.500098665317896,1.0367981353330822,40.84807406869915,4.796869572784991
39,10.750103215566924,1.0393501274298949,41.18400641608737,4.853188710444447
40,11.000107551750729,1.0420137213312766,41.50023342418313,4.903200673678075
41,11.250111623739468,1.0447911966774386,42.073603529614424,4.989592630022459
42,11.50011537828785,1.0476848331374236,42.63054444267774,5.076304503327725
43,11.75011875897268,1.050696910407546,43.173009568185044,5.162592875823319
44,12.000121706130432,1.0538297082096866,43.70048378870787,5.248430548390321
45,12.250124156794794,1.0570855062894404,44.40273972405672,5.360187241034346
46,12.50012604463422,1.0604665844141126,45.08803646973791,5.4714548947704404
47,12.75012729988948,1.0639752223705612,45.72444931223472,5.5769983591846355
48,13.000127849311198,1.067613699962885,46.36167040096748,5.687764520831403
49,13.250127616097387,1.0713842970099483,47.1224927037427,5.815877649160571
50,13.500126519830983,1.075289293342751,47.8323849967783,5.936996940172577
51,13.750124476417383,1.079330968801623,48.525591292552754,6.056123342423426
52,14.000121398021962,1.0835116032332612,49.19535165768142,6.172601197189832
53,14.25011719300759,1.0878334764875894,49.95015730801513,6.302900342503619
54,14.500111765872166,1.0922988684144468,50.193513126000006,6.356738961570293
55,14.750105017186126,1.0969100588601004,50.42837992517625,6.409229592416743
56,15.000096843529953,1.1016693276635774,50.665919918856275,6.462138154026558
57,15.25008713743169,1.1065789546528155,50.98526071503546,6.527950755616014
58,15.500075787304445,1.111641219640629,51.31144863720295,6.5952496186514145
59,15.750062677383898,1.1168584024204855,51.636477112638865,6.662674447417691
60,16.000047687665802,1.1222327827620948,51.96386351481648,6.730855587855915
61,16.250030693843485,1.1277666404068003,52.36091150643459,6.810849882427708
62,16.500011567245338,1.133462255062777,52.74383867683189,6.889157100816856
63,16.749990174772325,1.1393219064000295,53.11760131374756,6.966536067643951
64,16.999966378835474,1.1453478740451866,53.48385821784014,7.043233600365968
65,17.249940037293364,1.1515424375760928,53.889584530431115,7.127216040995015
66,17.499911003389627,1.15790787651619,54.29096415010174,7.211139822107041
67,17.749879125690445,1.1644464703286903,54.68235903934815,7.294017139027915
68,17.999844248022026,1.1711604984105335,55.05533270389083,7.3743180193161715
69,18.249806209408117,1.1780522400861293,55.44781988741085,7.4586683285736965
70,18.499764844007476,1.1851239746008786,55.48843592637452,7.480837383194109
71,18.749719981051385,1.1923779811144752,55.52011660577245,7.500898804939312
72,18.99967144478115,1.19981653869398,55.53551729514846,7.517472179266883
73,19.249619054385576,1.2074419263066678,55.59169654079488,7.540953488781639
74,19.49956262393848,1.215256422812644,55.63652714231511,7.561892366807945
75,19.7495019623362,1.2232623069572264,55.67771370753289,7.581674036213379
76,19.999436873235084,1.2314618573630924,55.6962870334864,7.596702702664958
77,20.24936715498901,1.2398573525221843,55.76154329868947,7.620048552052068
78,20.49929260058689,1.248451070787374,55.803655106883,7.638549794360158
79,20.749212997590213,1.257245290363881,55.83337602779182,7.654173392264371
80,20.999128128070517,1.2662422893004464,55.87387299640375,7.671375241436282
81,21.249037768546955,1.275444345480248,55.95453337068995,7.6959975825266325
82,21.49894168992383,1.2848537366115709,56.01548596500511,7.716357452772211
83,21.7488396574281,1.2944727402182143,56.08241423628974,7.737497370870608
84,21.99873143054696,1.304303633629644,56.15320051990589,7.759009367577742
85,22.24861676296538,1.314348693970877,55.72042031057472,7.677645566284417
86,22.498495402503657,1.324610198152107,55.21752613707204,7.5798084959601875
87,22.74836709105501,1.3350904228580558,54.67454660600656,7.471345283988792
88,22.99823156452313,1.3457916445370586,54.03525616353532,7.340294678981693
89,23.248088552759803,1.3567161393898723,53.65974441769349,7.261876152849967
90,23.49793777950248,1.3678661833582086,53.22432679662041,7.168794237932795
91,23.747778962311912,1.379244052112987,53.04980853690213,7.129142421116024
92,23.997611812509756,1.3908520210423043,52.85089737635151,7.08283286617946
93,24.247436035116216,1.4026923652391217,52.98654957140789,7.10765914732841
94,24.497251328787712,1.4147673594886605,53.12303809017584,7.132242364973579
95,24.74705738575452,1.4270792782555075,53.218491846293375,7.147359296270477
96,24.996853891758462,1.43963039567043,53.31057521105697,7.161023494672946
97,25.2466405259906,1.4524229855168862,53.7085376516698,7.243098484337344
98,25.49641696102895,1.4654593212172455,54.08990268638033,7.321867366116227
99,25.74618286277621,1.4787416758186986,54.43853626567047,7.393514641989559
100,25.995937890397503,1.4922723219788667,54.03880923672388,7.292968121530777
101,26.24568169625816,1.5060535319510997,54.126996903818316,7.302852470437151
102,26.495413925861477,1.5200875775694658,54.194070234392264,7.30669101615897
103,26.745134217786557,1.5343767302334252,54.28480595672836,7.315142070322656
104,26.994842203626117,1.548923260892188,54.385253820437214,7.324642339756269
105,27.244537507924345,1.563729440028752,54.87592392837579,7.426738188897905
106,27.49421974811479,1.578797537643618,55.36580279684738,7.528866694229789
107,27.743888534458243,1.59412982323818,55.80930964012851,7.621036291473355
108,27.99354346998068,1.6097285657977878,56.23830226841298,7.709743535877386
109,28.243184150411192,1.6255960337744766,57.02023113977837,7.886888544839809
110,28.49281016412001,1.6417344950693646,57.77653040194464,8.059327080251729
111,28.74242109205648,1.6581462170147132,58.47250443108298,8.220714324109462
112,28.9920165076871,1.6748334663556472,59.144156599299166,8.37752010792221
113,29.24159597693363,1.6917985092315335,60.06190607987232,8.600298854199407
114,29.491159058111155,1.7090436111570133,60.576970748377555,8.719812520122915
115,29.74070530186625,1.7265710370026874,61.09326666328513,8.844356921936718
116,29.99023425111513,1.7443830509754497,61.57714397484841,8.961414152733003
117,30.23974544098188,1.762481916598467,62.39472111327023,9.170244478918235
118,30.48923839873669,1.7808698966908034,63.14496406452239,9.367412947566532
119,30.738712643734157,1.7995492533466833,63.88141015884216,9.563155916760685
120,30.98816768735156,1.8185222479143928,64.59034590247504,9.753585028533726
121,31.23760303292727,1.8377911409748195,65.47021878636909,9.99415670955573
122,31.48701817569916,1.8573581923196152,66.32048872661262,10.232432705780514
123,31.736412602743005,1.8772256609290003,67.1158163575219,10.457363424147163
124,31.985785792911045,1.8973958049491848,67.86922800113337,10.672398886372962
125,32.23513721677047,1.9178708816694168,68.66624076571298,10.901848546012655
126,32.484466336542035,1.9386531474986537,69.41726937016188,11.121893047143189
127,32.733772606038706,1.9597448579418453,69.99265008108408,11.290353242910724
128,32.98305547060432,1.98114826757584,70.53111092836782,11.449601997844653
129,33.23231436705236,2.002865630024897,71.14686688165904,11.63289729861434
130,33.48154872360473,2.0248991979358144,71.71040095629374,11.802770240065245
131,33.73075795983061,2.0472512229526543,72.22380417170744,11.959195778422277
132,33.97994148658537,2.0699239556910847,72.696606817863,12.10476752732624
133,34.22909870594951,2.0929196457123123,73.17676932516308,12.253652389597912
134,34.47822901116773,2.1162405414966194,73.61499647263375,12.391175219772192
135,34.72733178658796,2.1398888904164948,74.0172454324659,12.51875345157641
136,34.97640640760058,2.163866938709357,74.39170311922385,12.638720697654648
137,35.225452240577575,2.1881769314498696,74.7529138496546,12.755399003528234
138,35.47446864281185,2.212821112521842,75.08843532838297,12.864987105435064
139,35.723454962456564,2.2378017245897164,75.40050347480495,12.967957522068867
140,35.972410538464565,2.263121009069637,75.69931847254985,13.067380852939062
141,36.22133470052788,2.288781206100096,75.99354747579365,13.165902444632975
142,36.47022676901726,2.3147845545121584,76.27544663560556,13.261141892855926
143,36.71908605492187,2.3411332917992613,76.54908444398082,13.354255920100766
144,36.96791185978896,2.3678296540865813,76.81599747408997,13.445709302099898
145,37.21670347566369,2.394875876099971,77.0781451389493,13.536114772162033
146,37.46546018502903,2.4222741911344645,77.33644923491508,13.625746581395944
147,37.71418126074568,2.450026831022341,77.59160960354255,13.714803840284807
148,37.96286596599214,2.478136026100751,77.84431871347351,13.803504858371564
149,38.21151355420487,2.5066040051789007,78.09466203606131,13.89188298154541
150,38.460123269018496,2.535432995504789,78.34380061994798,13.980281862268948
151,38.70869434420613,2.564625222731498,78.5920534435098,14.068824854900344
152,38.95722600361978,2.5941829108830343,78.83942192386712,14.15751157219552
153,39.20571746113088,2.624108282319713,79.08591340211845,14.246345329252128
154,39.45416792057085,2.65440355770309,79.33184809184328,14.335426742046963
155,39.70257657567189,2.6850709559604344,79.57730286926903,14.42478189035698
156,39.95094261000767,2.716112694248737,79.82234849097264,14.514435229148452
157,40.19926519693434,2.7475309879182603,80.06690703988944,14.60436331802916
158,40.44754349953154,2.779328050475617,80.31120887570623,14.69464238143548
159,40.69577667054348,2.811506093546384,80.5552683545839,14.785279438278664
160,40.943963852320216,2.844067326837236,80.79909553350195,14.876280110046649
161,41.19210417675902,2.8770139580976197,81.04262086831642,14.967623565733152
162,41.44019676524581,2.9103481930809347,81.28603730219368,15.059376324193481
163,41.68824072859679,2.9440722355052484,81.52926061544134,15.151512779242665
164,41.936235167000135,2.978188287013518,81.77230153940229,15.244039002749322
165,42.18417916995783,3.0126985471333363,82.0151149673571,15.33694213765101
166,42.432071816227634,3.047605213236185,82.25776340033902,15.430245744244903
167,42.67991217376518,3.0829104804962006,82.50024821757388,15.523952851951234
168,42.9276992996662,3.1186165418484477,82.74256937512344,15.618066006078926
169,43.17543224010885,3.154725587946695,82.9847225375073,15.712586270053519
170,43.42311003029626,3.1912398071207004,83.22666536570672,15.80750138038303
171,43.67073169439914,3.228161385332988,83.46845042659056,15.902832133177439
172,43.91829624549855,3.265492506135129,83.71007450516105,15.998580003268534
173,44.1658026855288,3.303235350623514,83.9515560439612,16.094754130825713
174,44.41325000522058,3.3413920973946194,84.19284667861237,16.1913399950518
175,44.66063718404415,3.379964922499765,84.43397174238054,16.288349126163432
176,44.907963190152685,3.4189559993993583,84.6749248112411,16.385781820242357
177,45.15522698032586,3.458367498916623,84.915710567905,16.483642353112657
178,45.40242749991347,3.4982015891908125,85.15628640732118,16.58191786380546
179,45.649563682779366,3.538460435629902,85.39668870686097,16.680624031435443
180,45.89663445124539,3.5791462008627604,85.63691394292825,16.779762167660092
181,46.14363871603561,3.620261044690796,85.87696391793524,16.87933553291871
182,46.39057537622067,3.6618071240390777,86.11676714458483,16.979320261551553
183,46.63744331916228,3.703786592906925,86.35645820842126,17.079768690600464
184,46.88424142045799,3.746201602317965,86.59597527243616,17.180660668673763
185,47.13096854388602,3.789054300269665,86.83530654326724,17.281994418091895
186,47.37762354135036,3.832346831682314,87.07437957863962,17.38374518357611
187,47.62420525282603,3.876081338347477,87.31325370914688,17.485937697036054
188,47.870712506304514,3.920259958875908,87.55194076426183,17.588579020131313
189,48.11714411773941,3.964884828644913,87.79041940291161,17.691663604483587
190,48.36349889099229,4.009958079745174,88.02853398777742,17.795134071049077
191,48.60977561777869,4.055481840927025,88.26637650221362,17.899027673570256
192,48.85597307761441,4.101458237546174,88.50422894201101,18.003456164318116
193,49.10209003776192,4.147889391508877,88.74186865244617,18.10833638040371
194,49.34812525317705,4.194777421216559,88.97928156038107,18.213665345096935
195,49.594077466455865,4.242124441509873,89.21621977734738,18.319347873928486
196,49.83994540778172,4.289932563612204,89.45290494302513,18.42547282044292
197,50.08572779487262,4.338203895072616,89.68928360885121,18.532021285093695
198,50.331423332928736,4.386940539708228,89.92534055497526,18.638989258586587
199,50.577030714580175,4.436144597546031,90.16032091335151,18.746075819437184
200,50.822548619834976,4.4858181647641375,90.39480843810767,18.853514143800883
201,51.06797571602734,4.535963333632458,90.62855536382715,18.961204966496044
202,51.31331065776613,4.586582192452815,90.86356576215483,19.069963248632945
203,51.55855208688355,4.637676825498468,91.09685445491007,19.17857991709147
204,51.80369863238415,4.689249312953083,91.3301031806292,19.2877396026182
205,52.04874891039399,4.741301730849111,91.56273936727264,19.39720982919135
206,52.29370152411016,4.793836151005589,91.79477988615297,19.50699803577566
207,52.53855506375049,4.846854640965367,92.02221696271417,19.615437432540475
208,52.78330810650355,4.900359263931741,92.2487676895028,19.724059597667676
209,53.02795921647886,4.954352078704513,92.47275002444232,19.832157438951786
210,53.2725069446575,5.008835139615455,92.69110967636593,19.938432839073496
211,53.51694982884285,5.063810496463184,92.91877088630334,20.049177986953428
212,53.76128639361172,5.1192801944474535,93.13744364639487,20.15666967552843
213,54.00551515026566,5.17524627410285,93.35317897858242,20.263446408475904
214,54.24963459678266,5.231710771231889,93.56496407315983,20.369061054906748
215,54.49364321776909,5.288675716837519,93.77140651427807,20.472895303473603
216,54.73753948441192,5.346143137055034,93.94587653631558,20.563397943995245
217,54.98132185443127,5.404115053083373,94.09940928482193,20.645189563004024
218,55.22498877203328,5.4625934811158325,94.22141303028826,20.71353214472129
219,55.468538667863214,5.521580432270162,94.40647816109536,20.8097216239534
220,55.71196995895898,5.581077912518067,94.51763451412295,20.873809117179725
221,55.95528104870488,5.641087922614097,94.59897679053556,20.92487853592751
222,56.19847032678574,5.701612458023932,94.63487463439293,20.95582322691475
223,56.44153616914132,5.762653508852051,94.6278228133721,20.967501071479127
224,56.68447693792109,5.824213059768804,94.31169244160779,20.840483590742174
225,56.92729098143936,5.886293089936848,93.76215063163508,20.607047300943893
226,57.16997663413069,5.948895572936994,92.69799386634031,20.138858328317447
227,57.41253221650568,6.012022476693424,91.11851307737003,19.432659426481422
228,57.65495603510709,6.075675763398292,90.32439539297262,19.07790182972515
229,57.897246382466406,6.139857389435706,88.20626948478642,18.11433015557798
230,58.13940153706059,6.2045693053051,85.55193739145794,16.89617042118223
231,58.381419763269385,6.269813455543967,82.74058790336453,15.595206355195247
232,58.62329931133283,6.335591778649986,79.78857317015256,14.2180895676261
233,58.86503841730927,6.401906207002515,75.30682863197491,12.118067522579313
234,59.10663530303366,6.468758666783461,71.8036931815536,10.45751625357689
235,59.34808817607633,6.536151077897524,69.58060686349077,9.383372163735004
236,59.58939522970204,6.604085353891817,68.84458370422814,9.000455425387848
237,59.83055464282953,6.672563401874847,68.34945615186628,8.72828617800839
238,60.07156457999142,6.741587122434875,67.78048788217797,8.418872038551113
239,60.31242319129447,6.811158409557642,67.52624533356452,8.256958657244393
240,60.55312861238039,6.881279150543461,67.51892542580748,8.211927355694257
241,60.79367896438689,6.951951225923678,67.63716053898145,8.226904571384438
242,61.03407235390929,7.023176509376494,67.80156093468379,8.264327576227352
243,61.27430687296245,7.094956867642158,68.01819194669032,8.327406222544676
244,61.51438059894323,7.1672941604375175,68.25706667541918,8.401867251211591
245,61.7542915945933,7.240190240369936,68.50065068136433,8.479283937756813
246,61.99403790796245,7.313646952850568,68.745826812503,8.558159959902655
247,62.23361757237232,7.387666136007001,68.99273026176151,8.63857528854195
248,62.473028606380566,7.462249620595249,69.24013724328091,8.719939541728358
249,62.71226901374555,7.537399229911113,69.48760064542427,8.80203805476158
250,62.9513367833914,7.613116779700896,69.734957348631,8.884794111000383
251,63.19022988937362,7.689404078071474,69.98214707018752,8.968181148278362
252,63.42894629084514,7.766262925399731,70.22914785940414,9.052191389027534
253,63.66748393202283,7.843695114241344,70.47594912868709,9.13682262646628
254,63.90584074215456,7.921702429238922,70.72254503340123,9.222074987228172
255,64.14401463548666,8.000286647029512,70.96893213965254,9.307949793639203
256,64.38200351123196,8.079449536151442,71.21510780817623,9.39444876357669
257,64.6198052535383,8.159192856950536,71.46106949146075,9.481573658625233
258,64.85741773145757,8.239518361485672,71.7068147475631,9.569326292152725
259,65.09483879891522,8.320427793433694,71.95234114420877,9.657708480959107
260,65.33206629468033,8.401922887993685,72.19764623898463,9.74672203518594
261,65.5690980423362,8.484005371790579,72.44272757347856,9.836368755238679
262,65.80593185025147,8.56667696277814,72.68758267251745,9.926650431299159
263,66.04256551155179,8.649939370141281,72.9322090441064,10.017568843195198
264,66.278996804092,8.733794294197748,73.17660417931187,10.109125760239271
265,66.51522349042894,8.818243426299142,73.42076555221685,10.201322941103015
266,66.7512433177947,8.9032884487313,73.66469061989177,10.294162133699002
267,66.98705401807055,8.988931034614033,73.90837682236942,10.387645075063006
268,67.22265330776136,9.075172847800202,74.15182158262029,10.48177349123594
269,67.45803888797064,9.162015542774157,74.3950223065296,10.576549097145122
270,67.69320844437618,9.249460764549523,74.63797638287488,10.671973596484882
271,67.9281596472062,9.337510148566349,74.88068118330386,10.768048681596312
272,68.16289015121617,9.426165320587575,75.1231340623138,10.864776033346464
273,68.39739759566623,9.515427896594906,75.36533235723091,10.96215732100661
274,68.63167960429915,9.605299482683986,75.60727338819066,11.060194202129898
275,68.86573378531898,9.695781674958958,75.8489544581195,11.158888322428265
276,69.09955773137033,9.786876059426364,76.0903728527164,11.258241315648592
277,69.33314901951816,9.878584211888402,76.33152584043567,11.358254803448126
278,69.56650521122837,9.970907697835534,76.57241067247054,11.458930395269169
279,69.79962385234892,10.063848072338454,76.8130245827375,11.56026968821307
280,70.0325024730916,10.157406879939408,77.05336478786131,11.662274266913485
281,70.26513858801454,10.251585654542875,77.29342848716095,11.764945703408866
282,70.49752969600529,10.34638591930559,77.53321286263645,11.868285557014271
283,70.72967328026462,10.44180918652594,77.77271507895632,11.972295374192411
284,70.96156680829098,10.53785695753272,78.01193228344584,12.076976688424052
285,71.19320773186563,10.634530722573226,78.25086160607661,12.182331020077614
286,71.42459348703849,10.731831960700736,78.48950015945643,12.28835987627806
287,71.65572149411469,10.829762139661328,78.72784503882022,12.395064750775143
288,71.88658915764174,10.92832271578008,78.96589332202166,12.502447123810787
289,72.11719386639756,11.027515133846617,79.20364206952614,12.610508461986011
290,72.34753299337906,11.12734082700002,79.44108832440415,12.7192502181268
291,72.57760389579161,11.227801216613134,79.67822911232584,12.828673831149562
292,72.80740391503907,11.328897712176184,79.91506144155608,12.938780725925719
293,73.03693037671474,11.430631711179815,80.151582302951,13.049572313145667
294,73.26618059059288,11.533004598997474,80.38778866995509,13.161049989181961
295,73.49515185062114,11.63601774876715,80.62367749859898,13.27321513595182
296,73.72384143491364,11.739672521272524,80.85924572749902,13.386069120779052
297,73.95224660574485,11.843970264823454,81.09449027785652,13.499613296255012
298,74.18036460954428,11.948912315135862,81.32940805345922,13.613849000099195
299,74.40819267689193,12.054499995210978,81.56399594068314,13.72877755501891
300,74.63572802251447,12.16073461521398,81.79825080849493,13.844400268568252
301,74.86296784528234,12.267617472352,82.03216950845616,13.960718433006603
302,75.08990932820757,12.375149850751525,82.26574887472808,14.077733325156217
303,75.31654963844241,12.48333302133516,82.49898572407712,14.195446206259264
304,75.54288592727883,12.592168241697818,82.73187685588152,14.313858321834031
305,75.76891533014879,12.701656755982244,82.96441905214017,14.432970901530794
306,75.99463496662538,12.811799794753972,83.19660907748026,14.552785158986547
307,76.22004194042485,12.922598574875668,83.42844367916776,14.673302291679466
308,76.44513333940937,13.034054299380834,83.65991958711793,14.79452348078242
309,76.66990623559072,13.146168157346958,83.89103351390796,14.916449891016125
310,76.8943576851349,13.25894132376803,84.1217821547892,15.039082670501207
311,77.11848472836753,13.372374959426466,84.35216218770158,15.162422950610111
312,77.34228438978012,13.486470210764448,84.58217027328905,15.286471845817925
313,77.56575367803731,13.601228209754648,84.81180305491515,15.411230453552845
314,77.78888958598496,13.716650073770396,85.04105715868108,15.536699854045859
315,78.01168909065913,13.832736905455226,85.26992919344349,15.66288111017978
316,78.23414915329602,13.949489792591848,85.49841575083448,15.789775267337744
317,78.45626671934275,14.066909807970552,85.72651340528222,15.917383353250992
318,78.67803871846921,14.18499800925702,85.95421871403244,16.04570637784604
319,78.89946206458069,14.303755438859552,86.18152821717183,16.174745333091252
320,79.12053365583154,14.423183123795749,86.40843843765208,16.304501192842782
321,79.34125037463976,14.543282075558588,86.6349458813146,16.434974912689814
322,79.56160908770258,14.664053289981972,86.86104703691765,16.566167429799357
323,79.78160664601296,14.78549774710568,87.08673837616377,16.698079662760364
324,80.00123988487711,14.90761641103978,87.31201635372835,16.830712511427112
325,80.22050562393297,15.030410229828467,87.5368774072898,16.964066856762255
326,80.43940066716969,15.153880135313385,87.76131795756098,17.098143560679027
327,80.65792180294814,15.278027042996335,87.98533440832125,17.232943465882983
328,80.87606580402233,15.402851851901518,88.20892314645054,17.368467395713278
329,81.09382942756201,15.528355444437173,88.4320805419638,17.504716153982972
330,81.31120941517617,15.654538686256696,88.65480294804755,17.641690524819353
331,81.52820249293754,15.781402426119245,88.87708670109721,17.779391272503062
332,81.74480537140832,15.908947495749793,89.0989281207558,17.917819141307202
333,81.96101474566679,16.03717470969865,89.32032350995377,18.056974855335532
334,82.17682729533499,16.166084865200503,89.54126915495016,18.196859118360276
335,82.39223968460759,16.295678742032884,89.76176132537557,18.337472613659372
336,82.6072485622817,16.425957102374163,89.98179627427564,18.47881600385311
337,82.82185056178783,16.55692069066103,90.20137023815646,18.620889930740347
338,83.03604230122194,16.68857023344546,90.42047943703072,18.763695015134147
339,83.24982038337859,16.820906439251186,90.63912007446591,18.90723185669682
340,83.46318139578517,16.953929998429672,90.85728833763349,19.051501033774716
341,83.6761219107373,17.087641583015618,91.0749803973592,19.196503103232068
342,83.88863848533529,17.222041846581945,91.29219240817497,19.34223860028483
343,84.1007276615218,17.357131424094334,91.50892050837241,19.48870803833368
344,84.31238596612062,17.492910931765266,91.72516082005747,19.635911908796672
345,84.52360991087654,17.62938096690762,91.94090944920612,19.78385068094135
346,84.73439599249653,17.766542107787764,92.15616248572246,19.93252480171654
347,84.9447406926919,17.904394913478246,92.37091600349693,20.081934695583424
348,85.15464047822178,18.042939923709973,92.58516606046709,20.23208076434641
349,85.36409180093776,18.18217765872398,92.79890869867928,20.382963386983405
350,85.57309109782963,18.322108619122748,93.01213994435176,20.53458291947568
351,85.78163479107249,18.46273328572108,93.22485580793908,20.686939694637328
352,85.9897192880749,18.604052119396563,93.43705228419886,20.840034021944266
353,86.19734098152833,18.746065560939567,93.6487253522588,20.993866187362837
354,86.40449624945789,18.88877403090288,93.8598709756858,21.148436453177954
355,86.6111814552742,19.032177929450885,94.07048510255707,21.303745057820986
356,86.81739294782658,19.17627763620836,94.28056366553146,21.459792215696993
357,87.02312706145739,19.32107351010885,94.49010258192352,21.61657811701187
358,87.22838011605779,19.466565889242684,94.6990977537786,21.77410292759892
359,87.43314841712467,19.61275509070457,94.90754506794943,21.932366788745107
360,87.63742825581883,19.75964141044084,95.11544039617424,22.09136981701695
361,87.84121590902454,19.90722512309626,95.32277959515649,22.251112104086104
362,88.04450763941036,20.055506481860576,95.52955850664667,22.41159371655454
363,88.24729969549121,20.204485718314608,95.73577295752443,22.572814695779456
364,88.44958831169187,20.354163042276035,95.94141875988367,22.734775057697817
365,88.65136970841169,20.50453864164482,96.14649171111841,22.897474792650524
366,88.85264009209071,20.655612682248314,96.35098759401028,23.060913865206437
367,89.05339565527706,20.807385307686,96.55490217681837,23.225092213986073
368,89.25363257669578,20.95985663917393,96.75823121336964,23.390009751484794
369,89.45334702131893,21.113026775388875,96.96097044315145,23.555666363895956
370,89.65253514043712,21.26689579231209,97.16311559140641,23.722061910933846
371,89.85119307173237,21.42146374307287,97.36466236922737,23.88919622565609
372,90.04931693935235,21.57673065779174,97.56560647365548,24.057069114285966
373,90.2469028539861,21.7326965434234,97.76594358777957,24.225680356034683
374,90.44394691294104,21.88936138359937,97.96566938083643,24.395029702922983
375,90.64044520022146,22.04672513847041,98.1647795083138,24.56511687960299
376,90.8363937866084,22.2047877445486,98.36326961205468,24.73594158317957
377,91.03178872974092,22.36354911454925,98.56113532036315,24.907503483031608
378,91.22662607419896,22.52300913723253,98.758372248112,25.079802220632967
379,91.4209018515874,22.683167677244857,98.95497599685251,25.252837409373708
380,91.61461208062174,22.84402457496005,99.15094215492552,25.426608634380425
381,91.8077527672153,23.00557964632033,99.34626629757427,25.601115452337222
382,92.00031990456768,23.16783268267704,99.54094398705884,25.776357391305897
383,92.19230947325488,23.33078345063116,99.73497077277365,25.95233395054652
384,92.38371744132073,23.49443169187371,99.92834219136458,26.12904460033753
385,92.57453976437009,23.658777123025924,100.12105376684946,26.3064887817959
386,92.76477238566324,23.823819435479223,100.31310101074013,26.484665906697135
387,92.95441123621204,23.98955829523508,100.50447942216587,26.66357535729553
388,93.14345223487742,24.155993342744694,100.69518448799877,26.843216486143678
389,93.33189128846846,24.32312419274856,100.88521168298138,27.023588615912598
390,93.51972429184312,24.49095043411587,101.07455646985586,27.20469103921164
391,93.70694712801034,24.6594716296838,101.26321429949435,27.38652301840799
392,93.8935556682338,24.828687316096705,101.45118061103257,27.569083785446775
393,94.07954577213717,24.998597003645187,101.63845083200403,27.75237254167073
394,94.26491328781104,25.16920017610509,101.82502037847722,27.93638845764009
395,94.44965405192136,25.340496290576382,102.01088465519314,28.12113067295229
396,94.63376388981938,25.51248477732204,102.19603905570683,28.30659829606214
397,94.81723861565334,25.685165039606748,102.38047896252843,28.492790404101438
398,95.00007403248168,25.8585364535357,102.56419974726813,28.679706042699234
399,95.18226593238792,26.03259836789323,102.7471967707827,28.86734422580204
400,95.36381009659704,26.207350103981497,102.92946538332184,29.055703935493625
401,95.5447022955936,26.38279095545913,103.11100092468006,29.244784121815822
402,95.7249382892414,26.558920188179847,103.2917987243475,29.43458370258865
403,95.90451382690496,26.735737040031125,103.47185410166392,29.625101563231155
404,96.0834246475724,26.913240720772848,103.65116236597481,29.816336556581916
405,96.26166647998018,27.091430411876,103.8297188167889,30.008287502720197
406,96.43923504273944,27.270305266361405,104.00751874393828,30.200953188786958
407,96.61612604446393,27.44986440863852,104.18455742773952,30.394332368806232
408,96.7923351838998,27.63010693434429,104.36083013915861,30.588423763506725
409,96.9678581500569,27.811031910182077,104.53633213997527,30.783226060143356
410,97.1426906223419,27.992638373760663,104.71105868295199,30.9787379123196
411,97.31682827069308,28.17492533343342,104.88500501200302,31.17495793980959
412,97.49026675571676,28.357891768137527,105.05816636236652,31.371884728380696
413,97.6630017288256,28.541536627233327,105.23053796077858,31.569516829616646
414,97.83502883237844,28.725858830343864,105.40211502564887,31.76785276074036
415,98.0063436998221,28.91085726719453,105.5728927672386,31.96689100443764
416,98.17694195583468,29.09653079745289,105.74286638784113,32.16663000868132
417,98.34681921647082,29.28287825056873,105.91203108196294,32.367068186554924
418,98.51597108930856,29.46989842561421,106.0803820365091,32.56820391607787
419,98.68439317359808,29.657590091124323,106.24791443096859,32.770035540030115
420,98.85208106041206,29.84595198493749,106.41462343760313,32.97256136577778
421,99.01903033279808,30.034982814036447,106.58050422163745,33.175779665098965
422,99.18523656593251,30.22468125438936,106.74555194145188,33.37968867401005
423,99.35069532727636,30.415045950791185,106.90976174877723,33.58428659259257
424,99.5154021767329,30.60607551670535,107.0731287888911,33.78957158482044
425,99.6793526668071,30.797768534105668,107.23564820081738,33.995541778387775
426,99.84254234276683,30.990123553318604,107.39731511752711,34.20219526453719
427,100.00496674280592,31.18313909286584,107.55812466614108,34.40953009788856
428,100.16662139820905,31.37681363930716,107.71807196813639,34.61754429626876
429,100.3275018335184,31.57114564708373,107.87715213955282,34.826235840541216
430,100.48760356670232,31.76613353836169,108.03536029120312,35.03560267443686
431,100.64692210932562,31.961775702876142,108.19269152888457,35.245642704385105
432,100.80545296672184,32.158070497775576,108.34914095359301,35.45635379934588
433,100.96319163816734,32.35501624746661,108.5047036617392,35.66773379064197
434,101.12013361705732,32.55261124345925,108.65937474536739,35.879780471792444
435,101.27627439108365,32.75085374421255,108.81314929237465,36.092491598346115
436,101.4316094424144,32.9497419749807,108.96602238673553,36.30586488771664
437,101.58613424787576,33.14927412765963,109.11798910872533,36.51989801901739
438,101.73984427913528,33.34944836063411,109.26904453514828,36.734588632897804
439,101.89273500288728,33.550262798625305,109.41918373956656,36.94993433138023
440,102.0448018810402,33.75171553253887,109.56840179253193,37.16593267769742
441,102.19604037090572,33.953804619313594,109.71669376181947,37.382581196131156
442,102.3464459253899,34.15652808177061,109.86405471266376,37.599877371851456
443,102.49601399318608,34.359883908463125,110.01047970799716,37.8178186507568
444,102.6447400189699,34.56387005352678,110.15596380869046,38.0364024393152
445,102.79261944359617,34.76848443653059,110.30050207379507,38.25562610440591
446,102.93964770429751,34.97372494232854,110.44408956078908,38.475486973162745
447,103.08582023488528,35.179589420911746,110.58672132582335,38.69598233281737
448,103.23113246595202,35.38607568726137,110.72839242397171,38.91710943054442
449,103.37557982507622,35.5931815212021,110.86909790948307,39.13886547330725
450,103.51915773702876,35.80090466725642,111.00883283603429,39.361247627704316
451,103.66186162398152,36.00924283449952,111.14759225698805,39.58425301981756
452,103.80368690571775,36.21819369641495,111.28537122565,39.80787873506083
453,103.94462899984458,36.42775489075103,111.42216479553065,40.032121818029964
454,104.08468332200736,36.63792401937801,111.55796802060786,40.256979272353746
455,104.22384528610608,36.84869864814601,111.69277595559294,40.48244806054626
456,104.36211030451368,37.06007630674375,111.82658365619747,40.70852510385979
457,104.4994737882964,37.27205448855811,111.95938617940398,40.93520728213962
458,104.63593114743608,37.48463065053456,112.09117858373826,41.162491433679584
459,104.77147779105444,37.69780221303833,112.2219559295436,41.3903743550789
460,104.90610912763944,37.91156655971661,112.3517132792576,41.61885280110023
461,105.03982056527344,38.1259210373615,112.48044569769182,41.84792348452913
462,105.1726075118636,38.34086295577395,112.60814825231289,42.07758307603454
463,105.30446537537408,38.55638958762864,112.73481601352634,42.307828204031026
464,105.4353895640604,38.77249816833973,112.86044405496273,42.53865545454176
465,105.5653754867056,38.98918589592769,112.98502745376575,42.77006137106315
466,105.69441855285868,39.20644993088702,113.108561290884,43.00204245443134
467,105.82251417307488,39.42428739605502,113.23104065136211,43.234595162689004
468,105.94965775915789,39.642695376481626,113.35246062463762,43.46771591095455
469,106.07584472440432,39.86167091930021,113.47281630483825,43.701401071292445
470,106.20107048385006,40.08121103359954,113.59210279108137,43.935646972584905
471,106.32533045451852,40.30131269029677,113.71031518777625,44.170449900405245
472,106.4486200556712,40.52197282201154,113.82744860492927,44.40580609689275
473,106.57093470906,40.74318832294126,113.94349815844986,44.64171176062888
474,106.69226983918178,40.96495604873748,114.05845897046063,44.87816304651547
475,106.81262087353468,41.18727281638347,114.17232616960794,45.11515606565432
476,106.9319832428768,41.410135404073,114.28509489137593,45.352686885228096
477,107.05035238148666,41.63354055109031,114.39676027840319,45.5907515283836
478,107.16772372742572,41.85748495769132,114.50731748080008,45.829345974116016
479,107.28409272280308,42.0819652849861,114.61676165647039,46.068466157155335
480,107.39945481404204,42.30697815482264,114.72508797143362,46.30810796785444
481,107.5138054521488,42.53252014967189,114.83229160015075,46.54826725207866
482,107.62714009298313,42.758587812514136,114.93836772585148,46.78893981109754
483,107.7394541975311,42.98517764672671,115.04331154086447,47.03012140147806
484,107.85074323217997,43.21228611597309,115.14711824694899,47.27180773498001
485,107.9610026689947,43.43990964409336,115.24978305563006,47.51399447845312
486,108.07022798599712,43.66804461499608,115.35130118853424,47.75667725373572
487,108.17841466744652,43.89668737255163,115.45166787773006,47.99985163755631
488,108.28555820412272,44.12583422048696,115.55087836606772,48.24351316143571
489,108.39165409361084,44.35548142228182,115.64892790752411,48.48765731159251
490,108.49669784058844,44.58562520106655,115.74581176754772,48.732279528849645
491,108.60068495711435,44.81626173952131,115.84152522340729,48.97737520854345
492,108.70361096291968,45.047387179776926,115.93606356454201,49.222939700434615
493,108.80547138570095,45.278997623317245,116.02942209291415,49.46896830862118
494,108.90626176141508,45.51108913088314,116.12159612336413,49.71545629145371
495,109.00597763457642,45.74365772237809,116.21258098396748,49.96239886145301
496,109.104614558556,45.97669937677541,116.30237201639447,50.20979118522905
497,109.20216809588246,46.21021003202714,116.39096457627193,50.45762838340336
498,109.2986338185453,46.44418558497466,116.4783540335466,50.70590553053246
499,109.39400730829996,46.67862189126093,116.56453577285156,50.95461765503443
500,109.48828415697494,46.91351476524456,116.64950519387446,51.20375973911716
501,109.58145996678108,47.14885997991555,116.73325771172867,51.453326718709754
502,109.67353035062251,47.38465326681289,116.81578875732485,51.703313483395
503,109.76449093241,47.62089031594391,116.89709377774696,51.953714876345465
504,109.85433734737596,47.85756677570548,116.97716823662923,52.20452569426154
505,109.94306524239164,48.09467825280707,117.0560076145347,52.45574068731145
506,110.03067027628616,48.33222031219569,117.13360740933804,52.70735455907459
507,110.11714812016784,48.57018847698269,117.2099631366081,52.95936196648679
508,110.20249445774692,48.80857822837258,117.28507032999435,53.21175751978812
509,110.28670498566098,49.04738500559371,117.35892454161457,53.46453578247372
510,110.36977541380163,49.28660420583096,117.43152134244536,53.717691271246544
511,110.45170146564374,49.52623118416047,117.50285632271402,53.971218455973315
512,110.5324788785762,49.766261253486334,117.57292509229292,54.22511175964262
513,110.61210340423484,50.00668968447941,117.64172328109655,54.47936555832648
514,110.69057080883736,50.24751170551815,117.70924653947914,54.7339741811433
515,110.76787687351994,50.488722502631575,117.77549053863665,54.98893191022516
516,110.844017394676,50.73031721944436,117.84045097100831,55.244232980686526
517,110.91898818429678,50.97229095712409,117.90412355068224,55.49987158059664
518,110.99278507031396,51.21463877433066,117.96650401380178,55.755841850954084
519,111.06540389694402,51.45735568716793,118.02758811897488,56.01213788566488
520,111.13684052503456,51.70043666913759,118.08737164768476,56.26875373152291
521,111.2070908324126,51.94387665109523,118.14585040470337,56.52568338819369
522,111.27615071423472,52.18767052120883,118.20302021850567,56.78292080820061
523,111.34401608333896,52.43181312491939,118.25887694168732,57.04045989691478
524,111.41068287059882,52.67629926490401,118.31341645138289,57.298294512547166
525,111.47614702527883,52.92112370104133,118.36663464968747,57.55641846614458
526,111.54040451539234,53.16628115037925,118.41852746407896,57.81482552158809
527,111.60345132806071,53.41176628710523,118.46909084784387,58.07350939559487
528,111.66528346987477,53.65757374251889,118.51832078050272,58.332463757723055
529,111.72589696725775,53.90369810500713,118.5662132682395,58.59168223037981
530,111.78528786683034,54.15013392002175,118.61276434433202,58.851158388832786
531,111.84345223577718,54.3968756900596,118.65797006958445,59.11088576122435
532,111.90038616221548,54.64391787464521,118.70182653276136,59.37085782858962
533,111.95608575556528,54.89125489031612,118.74432985102376,59.6310680248775
534,112.01054714692144,55.13888111061065,118.78547617036719,59.89150973697496
535,112.0637664894275,55.38679086605842,118.82526166606196,60.1521763047351
536,112.11573995865108,55.6349784441735,118.86368254309315,60.41306102100781
537,112.1664637529614,55.88343808945018,118.90073503660547,60.67415713167494
538,112.215934093908,56.13216400336153,118.93641541234751,60.93545783568806
539,112.26414722660168,56.38115034436063,118.97071996711881,61.196956285109884
540,112.31109942009674,56.63039122788459,119.00364502921795,61.45864558515959
541,112.35678696777516,56.87988072636136,119.03518695889315,61.72051879426134
542,112.4012061877323,57.129612869219386,119.06534214879387,61.9825689240963
543,112.4443534231644,57.37958164290001,119.09410702442425,62.244788939658726
544,112.4862250427575,57.62978099087284,119.12147804459842,62.50717175931507
545,112.52681744107824,57.880204813654,119.14745170189744,62.76971025486747
546,112.56612703896614,58.13084696882725,119.17202452312677,63.032397251620345
547,112.6041502839274,58.38170127106813,119.19519306977716,63.295225528451056
548,112.64088365053044,58.63276149217101,119.2169539384854,63.55818781788414
549,112.67632364080302,58.88402136107925,119.23730376149794,63.82127680616971
550,112.71046678463068,59.13547456391824,119.25623920713447,64.0844851333652
551,112.74330964015694,59.38711474403168,119.27375698025449,64.34780539342127
552,112.774848794185,59.63893550202079,119.28985382272455,64.61123013427168
553,112.80508086258078,59.890930395786754,119.30452651388711,64.87475185792682
554,112.83400249067768,60.14309294057625,119.31777187103043,65.13836302057145
555,112.86161035368254,60.39541660903015,119.32958674986058,65.4020560326663
556,112.88790115708328,60.64789483123542,119.3399680449743,65.66582325905378
557,112.91287163705783,60.90052099478029,119.34891269033265,65.92965701906753
558,112.93651856088462,61.15328844481264,119.35641765973749,66.19354958664655
559,112.9588387273542,61.40619048410162,119.36247996730799,66.45749319045284
560,112.9798289671825,61.65922037310271,119.36709666795792,66.72148001399341
561,112.99948614342536,61.91237133002596,119.37026485787646,66.98550219574697
562,113.01780715189436,62.16563653090772,119.37198167500746,67.24955182929399
563,113.03478892157396,62.419009109685696,119.37224429953115,67.51362096345136
564,113.05042841503987,62.67248215827743,119.37104995434781,67.77770160241187
565,113.06472262887908,62.92604872666222,119.36839590556067,68.04178570588692
566,113.07766859411046,63.179701822966585,119.36427946296138,68.30586518925449
567,113.08926337660726,63.43343441355309,119.35869798051576,68.56993192371114
568,113.09950407752042,63.68723942311286,119.35164885685099,68.83397773642812
569,113.10838783370318,63.94110973476149,119.34312953574347,69.09799441071253
570,113.11591181813688,64.19503819013869,119.33313750660781,69.36197368617235
571,113.12207324035784,64.44901758951141,119.32167030498667,69.62590725888627
572,113.12686934688551,64.7030406918807,119.30872551304145,69.88978678157814
573,113.13029742165146,64.95710021509214,119.29430076004381,70.15360386379542
574,113.13235478642962,65.21118883595004,119.27839372286826,70.41735007209294
575,113.13303880126756,65.46529919033534,119.261002126485,70.68101693022076
576,113.13234686491876,65.71942387332723,119.2421237444546,70.9445959193171
577,113.1302764152759,65.97355543932854,119.2217563994216,71.20807847810501
578,113.12682492980495,66.22768640219493,119.19989796361077,71.47145600309517
579,113.1219899259806,66.48180923536799,119.1765463593225,71.73471984879207
580,113.11576896172213,66.735916372012,119.15169955942967,71.99786132790584
581,113.10815963583048,66.9900002051548,119.1253555878747,72.26087171156833
582,113.09915958842625,67.24405308783237,119.09751252016713,72.52374222955439
583,113.08876650138816,67.49806733323747,119.06816848388262,72.78646407050778
584,113.0769780987928,67.75203521487215,119.03732165916037,73.04902838217195
585,113.06379214735476,68.00594896670431,119.00497027920264,73.31142627162558
586,113.04920645686772,68.25980078332823,118.9711126307751,73.57364880552358
587,113.03321888064625,68.51358282012916,118.9357470547053,73.83568701034254
588,113.01582731596824,68.76728719345193,118.89887194638371,74.09753187263124
589,112.9970297045182,69.02090598077372,118.86048575626357,74.35917433926629
590,112.9768240328308,69.27443122088086,118.82058699036213,74.62060531771291
591,112.95520833273538,69.52785491404983,118.77917421076053,74.88181567629032
592,112.93218068180096,69.7811690222324,118.7362460361057,75.14279624444293
593,112.90773920378165,70.03436546924497,118.69180114211066,75.40353781301592
594,112.88188206906274,70.28743614096213,118.6458382620561,75.66403113453656
595,112.8546074951072,70.54037288551439,118.59835618729115,75.92426692350031
596,112.82591374690256,70.79316751349032,118.54935376773476,76.18423585666237
597,112.79579913740848,71.04581179814284,118.49882991237645,76.443928573334
598,112.76426202800424,71.2982974755999,118.44678358977738,76.70333567568505
599,112.73130082893712,71.55061624507947,118.39321382857112,76.9624477290507
600,112.69691399977056,71.80275976910893,118.33811971796375,77.22125526224382
601,112.66110004983314,72.05471967374879,118.28150040823499,77.47974876787337
602,112.62385753866737,72.30648754882088,118.2233551112372,77.7379187026671
603,112.58518507647892,72.55805494814093,118.1636831008958,77.99575548780027
604,112.54508132458596,72.80941338975568,118.10248371370822,78.25324950922948
605,112.5035449958687,73.06055435618433,118.03975634924252,78.51039111803227
606,112.46057485521897,73.31146929466469,117.97550047063592,78.76717063075175
607,112.41616971998984,73.56214961740373,117.90971560509273,79.02357832974694
608,112.37032846044552,73.81258670183271,117.84240134438141,79.27960446354854
609,112.3230500002108,74.06277189086691,117.77355734533089,79.53523924722035
610,112.27433331672096,74.31269649316991,117.70318333032685,79.79047286272603
611,112.22417744167116,74.56235178342254,117.63127908780656,80.04529545930133
612,112.17258146146608,74.81172900259651,117.55784447275376,80.29969715383238
613,112.11954451766908,75.06081935823256,117.48287940719139,80.55366803123914
614,112.06506580745148,75.30961402472349,117.40638388067501,80.80719814486457
615,112.00914458404132,75.5581041436017,117.32835795078394,81.06027751686948
616,111.95178015717192,75.80628082383166,117.24880174361235,81.31289613863323
617,111.8929718935304,76.05413514210696,117.16771545425898,81.56504397115987
618,111.83271921720532,76.30165814315227,117.08509934731484,81.8167109454896
619,111.77102161013444,76.54884084002997,117.00095375735202,82.06788696311732
620,111.70787861255168,76.7956742144517,116.91527908940887,82.31856189641529
621,111.64328982343382,77.04214921709466,116.82807581947529,82.56872558906252
622,111.57725490094649,77.28825676792286,116.73934449497597,82.81836785647947
623,111.50977356288976,77.53398775651313,116.64908573525362,83.06747848626938
624,111.44084558714302,77.7793330423861,116.55730023204842,83.316047238664
625,111.37047081210925,78.02428345534209,116.46398874997865,83.56406384697684
626,111.29864913715852,78.26882979580186,116.36915212701741,83.81151801806044
627,111.22538052307088,78.51296283515248,116.27279127496953,84.0583994327712
628,111.15066499247828,78.75667331609789,116.17490717994566,84.30469774643903
629,111.07450263030582,78.99995195301473,116.07550090283519,84.55040258934325
630,110.99689358421206,79.242789432313,115.97457357977751,84.79550356719439
631,110.91783806502838,79.48517641280182,115.87212642263073,85.03999026162192
632,110.83733634719734,79.72710352606016,115.76816071943907,85.28385223066759
633,110.75538876921011,79.96856137681272,115.66267783489836,85.5270790092854
634,110.67199573404288,80.20954054331074,115.55567921081936,85.7696601098471
635,110.58715770959182,80.4500315777181,115.4471663665888,86.01158502265355
636,110.50087522910738,80.69002500650228,115.33714089962817,86.25284321645209
637,110.41314889162696,80.92951133083069,115.22560448585104,86.49342413896044
638,110.32397936240652,81.16848102697192,115.11255888011728,86.73331721739596
639,110.23336737335087,81.40692454670224,114.99800591668607,86.97251185901142
640,110.14131372344254,81.6448323177173,114.88194750966431,87.21099745163612
641,110.04781927916925,81.8821947440489,114.76438565345526,87.44876336422399
642,109.95288497494992,82.11900220648705,114.64532242320303,87.6857989474071
643,109.85651181355932,82.35524506300716,114.52475997523435,87.92209353405505
644,109.7587008665508,82.59091364920249,114.40270054749894,88.15763643984133
645,109.65945327467784,82.82599827872181,114.27914646000578,88.39241696381477
646,109.55877024831356,83.06048924371235,114.15410011525775,88.62642438897761
647,109.45665306786876,83.2943768152679,114.0275639986822,88.85964798286952
648,109.35310308420814,83.52765124388226,113.89954067905981,89.09207699815757
649,109.24812171906449,83.76030275990797,113.77003280894942,89.32370067323258
650,109.1417104654513,83.99232157402028,113.63904312511069,89.55450823281143
651,109.03387088807324,84.22369787768639,113.5065744489233,89.78448888854545
652,108.9246046237348,84.4544218436401,113.37262968680216,90.01363183963466
653,108.81391338174664,84.68448362636171,113.23721183061092,90.24192627344915
654,108.70179894433014,84.91387336256318,113.10032395807065,90.46936136615452
655,108.58826316701956,85.14258117167878,112.96196923316624,90.69592628334617
656,108.47330797906214,85.37059715636093,112.82215090654822,90.92161018068717
657,108.35693538381592,85.59791140298145,112.68087231593258,91.14640220455398
658,108.23914745914507,85.82451398213821,112.53813688649468,91.37029149268683
659,108.1199463578131,86.05039494916703,112.39394813126258,91.59326717484834
660,107.99933430787338,86.27554434465902,112.24830965150308,91.81531837348534
661,107.87731361305738,86.49995219498334,112.1012251371067,92.03643420439947
662,107.7538866531602,86.72360851281519,111.95269836696781,92.25660377742241
663,107.6290558844236,86.94650329766934,111.80273320936008,92.47581619709763
664,107.50282383991622,87.16862653643894,111.65133362230905,92.69406056336783
665,107.37519312991128,87.38996820393974,111.49850365395956,92.91132597226951
666,107.2461664422612,87.61051826345981,111.34424744294019,93.12760151663223
667,107.11574654276976,87.83026666731445,111.18856921872187,93.34287628678514
668,106.98393627556092,88.04920335740665,111.03147330197308,93.55713937126859
669,106.8507385634449,88.26731826579295,110.87296410491115,93.77037985755274
670,106.71615640828136,88.48460131525462,110.71304613164743,93.98258683276158
671,106.58019289133917,88.70104241987427,110.55172397852955,94.19374938440293
672,106.44285117365322,88.91663148561791,110.38900233447791,94.40385660110493
673,106.30413449637804,89.13135841092233,110.22488598131835,94.61289757335867
674,106.16404618113792,89.34521308728793,110.05937979410857,94.82086139426575
675,106.02258963037411,89.55818539987693,109.89248874146169,95.02773716029294
676,105.8797683276881,89.770265228117,109.72421788586273,95.23351397203228
677,105.73558583818176,89.98144244631018,109.55457238398182,95.43818093496756
678,105.59004580879387,90.19170692424736,109.3835574869812,95.64172716024638
679,105.44315196863316,90.40104852782802,109.21117854081722,95.84414176545783
680,105.29490812930736,90.60945711968527,109.03744098653787,96.04541387541732
681,105.14531818524898,90.81692255981656,108.8623503605731,96.24553262295544
682,104.99438611403689,91.0234347062193,108.68591229502196,96.4444871497146
683,104.84211597671428,91.2289834155324,108.5081325179328,96.64226660695046
684,104.68851191810272,91.43355854368264,108.32901685357771,96.83886015633885
685,104.53357816711204,91.63714994653668,108.14857122272285,97.03425697078976
686,104.37731903704628,91.83974748055834,107.96680164289097,97.22844623526608
687,104.21973892590567,92.04134100347122,107.78371422861939,97.4214171476085
688,104.06084231668405,92.24192037492656,107.5993151917124,97.6131589193661
689,103.9006337776624,92.44147545717652,107.41361084148606,97.80366077663274
690,103.73911796269788,92.63999611575268,107.2266075850083,97.9929119608887
691,103.57629961150847,92.83747222014978,107.03831192733274,98.18090172984918
692,103.41218354995333,93.03389364451492,106.84873047172537,98.36761935831649
693,103.24677469030826,93.2292502683418,106.65786991988656,98.5530541390402
694,103.08007803153706,93.42353197717031,106.46573707216415,98.73719538358053
695,102.91209865955788,93.6167286632913,106.27233882776265,98.92003242317924
696,102.74284174750493,93.80883022645664,106.07768218494459,99.10155460963504
697,102.5723125559855,93.99982657459448,105.88177424122509,99.28175131618434
698,102.40051643333196,94.18970762452946,105.6846221935599,99.46061193838813
699,102.22745881584888,94.37846330270852,105.48623333852716,99.6381258950239
700,102.05314522805529,94.56608354593142,105.2866150725015,99.81428262898284
701,101.87758128292153,94.7525583020866,105.08577489182174,99.98907160817294
702,101.70077268210134,94.93787753089214,104.88372039295051,100.16248232642621
703,101.5227252161586,95.12203120464176,104.68045927262862,100.33450430441312
704,101.3434447647885,95.30500930895596,104.47599932802007,100.50512709056011
705,101.16293729703388,95.48680184353805,104.27034845685121,100.67434026197381
706,100.98120887149572,95.66739882293533,104.063514657542,100.84213342537014
707,100.7982656365383,95.84679027730525,103.85550602932975,101.00849621800793
708,100.61411383048888,96.02496625318656,103.6463307723848,101.17341830862782
709,100.4287597818315,96.20191681427532,103.43599718792022,101.33688939839705
710,100.24220990939531,96.3776320422058,103.22451367829197,101.498899221858
711,100.054470722537,96.55210203733654,103.01188874709169,101.65943754788262
712,99.8655488213174,96.72531691954092,102.79813099923247,101.81849418063089
713,99.67545089667212,96.89726682900287,102.58324914102572,101.9760589605149
714,99.48418373057636,97.06794192701716,102.36725198025043,102.13212176516743
715,99.29175419620336,97.2373323967946,102.15014842621348,102.2866725104153
716,99.09816925807704,97.40542844427198,101.93194748980333,102.43970115125671
717,98.90343597221808,97.57222029892664,101.71265828353353,102.59119768284474
718,98.70756148628416,97.73769821459588,101.49229002157952,102.74115214147415
719,98.51055303970328,97.90185247030084,101.27085201980559,102.88955460557303
720,98.31241796380128,98.06467337107512,101.048353695784,103.03639519669916
721,98.11316368192226,98.226151248798,100.82480456880516,103.18166408054074
722,97.91279770954291,98.386276463032,100.60021425987955,103.325351467921
723,97.71132765437991,98.54503940186522,100.37459249173031,103.46744761580791
724,97.50876121649068,98.70243048275807,100.14794908877688,103.60794282832741
725,97.30510618836732,98.85844015339424,99.9202939771099,103.746827457781
726,97.10037045502392,99.01305889253636,99.69163718445783,103.88409190566833
727,96.89456199407644,99.16627721088577,99.4619888401425,104.01972662371203
728,96.68768887581612,99.31808565194676,99.23135917502712,104.15372211488815
729,96.47975926327538,99.468474792895,98.99975852145461,104.28606893445976
730,96.27078141228696,99.61743524545024,98.76719731317581,104.41675769101471
731,96.06076367153536,99.76495765675313,98.53368608526924,104.54577904750693
732,95.84971448260154,99.91103271024625,98.29923547405059,104.67312372230154
733,95.63764237999968,100.05565112655913,98.06385621697287,104.79878249022374
734,95.42455599120692,100.19880366439747,97.82755915251676,104.9227461836109
735,95.2104640366854,100.34048112143633,97.59035522007123,105.04500569336872
736,94.99537532989676,100.48067433521692,97.35225545980428,105.16555197003034
737,94.77929877730892,100.61937418404796,97.11327101252353,105.28437602481894
738,94.56224337839517,100.75657158791022,96.87341311952689,105.40146893071362
739,94.3442182256254,100.89225750936528,96.63269312244368,105.51682182351861
740,94.12523250444968,101.02642295446783,96.39112246306402,105.63042590293529
741,93.90529549327348,101.15905897368184,96.14871268315996,105.74227243363757
742,93.68441656342522,101.29015666280014,95.90547542429486,105.8523527463501
743,93.4626051791156,101.41970716386771,95.66142242762258,105.96065823892941
744,93.23987089738876,101.54770166610857,95.41656553367608,106.06718037744723
745,93.01622336806514,101.67413140685596,95.17091668214657,106.1719106972778
746,92.79167233367616,101.79898767248604,94.92448791165016,106.27484080418682
747,92.5662276293905,101.92226179935504,94.67729135948498,106.37596237542277
748,92.33989918293176,102.04394517473936,94.4293392613776,106.47526716081168
749,92.11269701448784,102.16402923777932,94.18064395121758,106.57274698385315
750,91.8846312366116,102.2825054804258,93.93121786078181,106.66839374281925
751,91.6557120541128,102.39936544839,93.68107351944775,106.76219941185549
752,91.42594976394145,102.51460074209642,93.43022355389542,106.85415604208414
753,91.19535475506224,102.6282030176386,93.17868068779826,106.94425576270856
754,90.96393750832024,102.74016398773794,92.9264577415023,107.03249078212072
755,90.73170859629737,102.85047542270516,92.67356763169494,107.11885338900935
756,90.49867868316026,102.9591291514048,92.42002337106139,107.2033359534707
757,90.26485852449872,103.0661170622221,92.16583806793012,107.28593092812027
758,90.03025896715515,103.17143110403288,91.91102492590652,107.36663084920633
759,89.7948909490448,103.27506328717566,91.65559724349546,107.44542833772469
760,89.55876549896666,103.37700568442636,91.3995684137112,107.5223161005347
761,89.32189373640506,103.4772504319756,91.14295192367662,107.59728693147675
762,89.0842868713218,103.57578973040803,90.88576135420959,107.67033371249029
763,88.84595620393883,103.67261584568416,90.62801037939872,107.74144941473376
764,88.60691312451138,103.76772111012426,90.36971276616582,107.81062709970396
765,88.36716911309144,103.86109792339448,90.11088237381679,107.87785992035742
766,88.12673573928159,103.9527387534948,89.85153315358102,107.94314112223171
767,87.88562466197907,104.04263613774918,89.59167914813808,108.00646404456816
768,87.64384762911,104.1307826837974,89.3313344911322,108.0678221214335
769,87.40141647735382,104.21717107058876,89.07051340667408,108.12720888284282
770,87.15834313185766,104.3017940493774,88.80923020883183,108.18461795588308
771,86.91463960594082,104.38464444471948,88.54749930110738,108.24004306583542
772,86.67031800078907,104.4657151554715,88.28533517590232,108.29347803729829
773,86.42539050513895,104.54499915579048,88.02275241397028,108.34491679531087
774,86.17986939495175,104.62248949613527,87.75976568385649,108.39435336647456
775,85.93376703307733,104.6981793042691,87.49638974132543,108.44178188007568
776,85.68709586890756,104.77206178626348,87.23263942877531,108.48719656920665
777,85.43986843801943,104.84413022750309,86.96852967464005,108.53059177188732
778,85.19209736180768,104.91437799369166,86.70407549277824,108.57196193218434
779,84.943795347107,104.98279853185883,86.43929198184907,108.611301601331
780,84.69497518580357,105.04938537136778,86.17419432467588,108.64860543884448
781,84.44564975443615,105.11413212492351,85.90879778759634,108.6838682136437
782,84.1958320137863,105.177032489582,85.64311771979975,108.7170848051643
783,83.94553500845807,105.23808024775948,85.377169552651,108.74825020447264
784,83.69477186644674,105.29726926824252,85.11096879900184,108.77735951537885
785,83.44355579869689,105.3545935071983,84.84453105248878,108.8044079555475
786,83.19190009864938,105.41004700918508,84.57787198681788,108.82939085760684
787,82.93981814177758,105.46362390816284,84.31100735503558,108.85230367025515
788,82.68732338511245,105.51531842850387,84.04395298878747,108.87314195936632
789,82.43442936675665,105.5651248860035,83.77672479756266,108.89190140909218
790,82.18114970538753,105.6130376888903,83.50933876792558,108.9085778229633
791,81.92749809974895,105.6590513388364,83.24181096273318,108.92316712498531
792,81.67348832813188,105.70316043196706,82.9741575203399,108.93566536073573
793,81.41913424784377,105.74535965987,82.70639465378866,108.94606869845477
794,81.16444979466664,105.78564381060389,82.43853864998809,108.95437343013559
795,80.9094489823037,105.82400776970636,82.17060586887607,108.9605759726091
796,80.65414590181474,105.86044652120106,81.9026127425706,108.96467286862831
797,80.39855472103996,105.89495514860364,81.63457577450556,108.96666078794638
798,80.14268968401227,105.927528835927,81.3665115385542,108.9665365283936
799,79.88656511035819,105.9581628686851,81.09843667813772,108.96429701694858
800,79.63019539468708,105.98685263489556,80.8303679053212,108.95993931080714
801,79.3735950059687,106.01359362608092,80.56232199989464,108.95346059844613
802,79.11677848689922,106.03838143826832,80.29431580844133,108.94485820068395
803,78.85976045325546,106.06121177298762,80.02636624339125,108.93412957173567
804,78.60255559323734,106.08208043826758,79.7584902820619,108.92127230026502
805,78.34517866679865,106.10098334963044,79.49070496568369,108.90628411043006
806,78.08764450496587,106.11791653108428,79.22302739841305,108.88916286292576
807,77.82996800914525,106.13287611611342,78.9554747463306,108.8699065560205
808,77.57216415041789,106.1458583486664,78.68806423642543,108.84851332658769
809,77.31424796882297,106.15685958414178,78.42081315556634,108.82498145113244
810,77.05623457262894,106.16587629037134,78.1537388494574,108.79930934681191
811,76.79813913759276,106.1729050486007,77.88685872158173,108.77149557245171
812,76.53997690620707,106.17794255446718,77.62019023212936,108.74153882955414
813,76.28176318693538,106.1809856189748,77.35375089691227,108.70943796330343
814,76.023513353435,106.18203116946626,77.08755828626471,108.67519196356115
815,75.76524284376806,106.18107625059184,76.82163002393021,108.63879996585959
816,75.50696715960022,106.17811802527496,76.55598378593405,108.60026125238528
817,75.24870186538728,106.17315377567442,76.29063729944176,108.55957525295702
818,74.99046258754952,106.166180904143,76.02560834160379,108.51674154599837
819,74.73226501363396,106.15719693418256,75.76091473838625,108.4717598595008
820,74.47412489146421,106.14619951139522,75.49657436338687,108.42463007198177
821,74.21605802827816,106.13318640443062,75.23260513663853,108.37535221343451
822,73.9580802898533,106.11815550592917,74.96902502339675,108.32392646627046
823,73.70020759961986,106.10110483346097,74.70585203291502,108.27035316625403
824,73.44245593776145,106.08203253046057,74.44310421720476,108.21463280342972
825,73.18484134030355,106.0609368671571,74.18079966978225,108.15676602304123
826,72.92737989818947,106.03781624149974,73.91895652440117,108.09675362644232
827,72.67008775634407,106.01266918007856,73.65759295377104,108.03459657199855
828,72.41298111272503,105.9854943390404,73.39672716826215,107.97029597598213
829,72.15607621736176,105.95629050499956,73.13637741459637,107.90385311345703
830,71.89938937138187,105.9250565959435,72.87656197452382,107.83526941915433
831,71.64293692602533,105.89179166213307,72.61729916348621,107.76454648834026
832,71.38673528164603,105.85649488699733,72.35860732926587,107.69168607767419
833,71.13080088670114,105.81916558802249,72.10050485062096,107.61669010605661
834,70.87515023672786,105.77980321763548,71.84301013590752,107.53956065546788
835,70.61979987330787,105.73840736408134,71.58614162168678,107.46029997179808
836,70.36476638301924,105.69497775229438,71.3299177713197,107.37891046566526
837,70.11006639637604,105.64951424476342,71.0743570735471,107.29539471322454
838,69.85571658675542,105.60201684239053,70.81947804105651,107.20975545696639
839,69.6017336693123,105.55248568534304,70.56529920903544,107.1219956065051
840,69.34813439988167,105.5009210538993,70.31183913371073,107.03211823935496
841,69.09493557386847,105.44732336928712,70.05911639087485,106.94012660169723
842,68.84215402512503,105.39169319451554,69.80714957439838,106.84602410913517
843,68.58980662481618,105.33403123519928,69.55595729472921,106.74981434743741
844,68.33791028027194,105.27433834037602,69.3055581773782,106.65150107327027
845,68.08648193382787,105.21261550331612,69.05597086139167,106.55108821491847
846,67.83553856165302,105.14886386232484,68.80721399781086,106.44857987299419
847,67.58509717256567,105.08308470153654,68.55930624811728,106.34398032113265
848,67.33517480683656,105.01527945170128,68.31226628266629,106.23729400667749
849,67.08578853498004,104.94544969096314,68.06611277910619,106.12852555135208
850,66.83695545653278,104.87359714563024,67.82086442078513,106.01767975191851
851,66.5886926988203,104.79972369093647,67.57653989514505,105.90476158082485
852,66.3410174157113,104.7238313517948,67.33315789210214,105.78977618683744
853,66.09394678635978,104.6459223035413,67.09073710241542,105.6727288956618
854,65.84749801393491,104.565998872671,66.84929621604127,105.55362521054869
855,65.6016883243389,104.4840635375642,66.60885392047663,105.43247081288762
856,65.35653496491267,104.40011892920369,66.36942889908892,105.30927156278604
857,65.11205520312949,104.31416783188264,66.13103982943345,105.18403349963435
858,64.86826632527658,104.22621318390296,65.8937053815586,105.05676284265722
859,64.62518563512471,104.13625807826384,65.6574442162985,104.92746599144986
860,64.38283045258584,104.0443057633406,65.42227498355379,104.79614952650084
861,64.14121811235886,103.9503596435532,65.18821632055969,104.66282020969847
862,63.90036596256349,103.85442328002505,64.95528685014226,104.52748498482374
863,63.66029136336228,103.75650039123084,64.72350517896325,104.39015097802704
864,63.421011685570924,103.65659485363432,64.492889895752,104.25082549829042
865,63.182544309256784,103.55471070231523,64.26345956952643,104.10951603787342
866,62.94490662232577,103.45085213158524,64.03523274780223,103.96623027274374
867,62.7081160190976,103.345023495593,63.80822795479005,103.82097606299163
868,62.47218989886948,103.23722930891796,63.58246368958165,103.67376145322821
869,62.23714566446833,103.12747424715278,63.357958424324956,103.52459467296792
870,62.00300072079148,103.01576314747425,63.13473060238727,103.37348413699367
871,61.76977247333608,102.90210100920244,62.91279863650763,103.22043844570517
872,61.53747832671708,102.78649299434808,62.69218090693848,103.06546638545198
873,61.30613568317408,102.66894442814775,62.47289575957642,102.90857692884735
874,61.0757619410669,102.5494607995871,62.254961504081656,102.74977923506596
875,60.84637449336009,102.42804776191124,62.038396411987826,102.58908265012401
876,60.61799072609635,102.30471113312312,61.82321871480013,102.42649670714098
877,60.39062801685905,102.17945689646888,61.60944660208474,102.26203112658493
878,60.16430373322379,102.05229120091028,61.39709821954604,102.09569581649777
879,59.9390352311992,101.92322036158414,61.18619166709592,101.9275008727043
880,59.714839853657,101.79225086024869,60.976744996911336,101.75745657900116
881,59.49173492875137,101.65938934571624,60.76877621148349,101.5855734073282
882,59.26973776832784,101.52464263427257,60.56230326165612,101.41186201792026
883,59.048865666321625,101.38801771008224,60.35734404465566,101.23633325944077
884,58.82913589714566,101.24952172558042,60.15391640211105,101.05899816909503
885,58.61056571406825,101.10916200185018,59.95203811806486,100.87986797272563
886,58.3931723475806,100.96694602898592,59.751726916975315,100.69895408488651
887,58.17697300375424,100.8228814664421,59.55300046170957,100.51626810889864
888,57.9619848625884,100.67697614336755,59.35587635152811,100.33182183688498
889,57.74822507634754,100.52923805892505,59.16037212006103,100.14562724978613
890,57.53571076788904,100.3796753825956,58.96650523327541,99.9576965173543
891,57.324459028981295,100.22829645446832,58.77429308743521,99.76804199812823
892,57.11448691861208,100.07510978551429,58.58375300705269,99.5766762393864
893,56.90581146128759,99.92012405784544,58.3949022428321,99.38361197708001
894,56.69844964532205,99.76334812495784,58.20775796960632,99.18886213574476
895,56.492418421118096,99.60479101195894,58.022337284264836,98.99243982839074
896,56.287734699438055,99.44446191577909,57.8386572036761,98.79435835637234
897,56.0844153496662,99.2823702053669,57.65673466260126,98.59463120923489
898,55.88247719806212,99.11852542186834,57.47658651160233,98.39327206454121
899,55.68193702600541,98.95293727878936,57.29822951494292,98.19029478767494
900,55.48281156823163,98.78561566214192,57.121680348482556,97.98571343162226
901,55.28511751105982,98.61657063057336,56.94695559756522,97.77954223673154
902,55.08887149061169,98.44581241547866,56.774071754901584,97.5717956304505
903,54.89409009102248,98.27335142109564,56.603045218445054,97.36248822704025
904,54.70078984264387,98.09919822458316,56.43389228926279,97.15163482726724
905,54.5089872202388,97.92336357608136,56.266629169400936,96.93925041807167
906,54.31869864116855,97.74585839875498,56.101271959745034,96.7253501722138
907,54.129940463572176,97.5666937888183,55.93783665787464,96.50994944789505
908,53.942728984538405,97.38588101554264,55.77633915591427,96.29306378835824
909,53.75708043827012,97.20343152124552,55.61679523837911,96.0747089214622
910,53.5730109942417,97.01935692126172,55.45922058001671,95.85490075923327
911,53.39053675534928,96.83366900389592,55.303630743644334,95.63365539739341
912,53.20967375605406,96.64637973035676,55.150041177983276,95.41098911486367
913,53.03043796051897,96.4575012346722,54.99846721548818,95.18691837324324
914,52.85284526073864,96.26704582358612,54.848924070174746,94.96145981626543
915,52.67691147466304,96.07502597643573,54.701426835442795,94.7346302692268
916,52.502652344314846,95.88145434501004,54.55599048189759,94.50644673839489
917,52.33008353390068,95.68634375338875,54.4126298551678,94.27692641038757
918,52.159220627916525,95.48970719776194,54.271359673721776,94.04608665153043
919,51.99007912924737,95.29155784622986,54.13219452668117,93.81394500718716
920,51.82267445726128,95.09190903858315,53.99514887163298,93.58051920106566
921,51.65702194589811,94.89077428606303,53.86023703244024,93.34582713449902
922,51.49313684175304,94.68816727110156,53.72747319705092,93.10988688569938
923,51.33103430215511,94.48410184704132,53.59687141530613,92.87271670898862
924,51.17072939324087,94.27859203783537,53.46844559674769,92.63433503400097
925,51.01223708802349,94.0716520377259,53.3422095084247,92.39476046486135
926,50.85557226445737,93.863296210903,53.21817677270038,92.15401177933687
927,50.70074970349856,93.653539091142,53.09636086505877,91.91210792796258
928,50.54778408716106,93.44239538142044,52.97677511191199,91.66906803314079
929,50.396689996569386,93.2298799535134,52.85943268840757,91.42491138821408
930,50.247481910007366,93.01600784756812,52.74434661623745,91.17965745651155
931,50.10017420096364,92.80079427165708,52.631529761447666,90.93332587036917
932,49.9547811361738,92.58425460130938,52.52099483224977,90.68593643012296
933,49.81131687365963,92.36640437902102,52.41275437683382,90.43750910307499
934,49.66979546076544,92.14725931374294,52.30682078118402,90.1880640224332
935,49.530230832191904,91.92683528034746,52.20320626689589,89.93762148622375
936,49.392636808027454,91.70514831907268,52.10192288899707,89.68620195617638
937,49.257027091777566,91.4822146349447,52.00298253377038,89.43382605658289
938,49.12341526839212,91.25805059717766,51.90639691658075,89.18051457312725
939,48.99181480229101,91.03267273855135,51.812177579705384,88.92628845168966
940,48.86223903538837,90.80609775476644,51.720335890168094,88.6711687971222
941,48.73470118511548,90.57834250377684,51.63088303757797,88.41517687199745
942,48.60921434244266,90.34942400509976,51.543830031972334,88.15833409532891
943,48.4857914699005,90.11935943910248,51.459187701665,87.90066204126448
944,48.36444539960038,89.88816614626647,51.37696669109936,87.64218243775129
945,48.24518883125485,89.65586162642838,51.297177458707274,87.38291716517296
946,48.128034330197885,89.4224635379977,51.21983027477394,87.12288825495966
947,48.01299432540533,89.1879896971514,51.14493521930879,86.86211788816871
948,47.90008110751582,88.95245807700495,51.0725021799229,86.60062839403855
949,47.78930682685234,88.71588680676004,51.00254084971347,86.33844224851366
950,47.6806834914448,88.47829417082856,50.935060725155815,86.07558207274184
951,47.57422296505376,88.23969860793304,50.87007110400208,85.81207063154278
952,47.46993696519558,88.00011871018314,50.80758108318878,85.54793083184894
953,47.36783706116939,87.7595732221285,50.74759955675205,85.28318572111748
954,47.26793467208592,87.51808103978732,50.69013521375192,85.0178584857145
955,47.17024106489868,87.27566120965122,50.63519653620516,84.75197244927054
956,47.074767352437526,87.03233292766569,50.582791797027674,84.48555107100707
957,46.98152449144517,86.78811553818652,50.53292905798678,84.21861794403642
958,46.89052328061657,86.54302853291175,50.48561616766292,83.95119679363046
959,46.80177435864176,86.29709154978941,50.44086075942262,83.6833114754637
960,46.71528820225223,86.05032437190069,50.39867024940131,83.41498597382551
961,46.63107512427121,85.80274692631858,50.35905183449789,83.14624439980501
962,46.54914527166809,85.55437928294201,50.322012490380914,82.87711098944801
963,46.46950862361728,85.30524165330523,50.28755896950584,82.60761010188358
964,46.392174989561845,85.05535438936249,50.25569779914524,82.33776621742356
965,46.31715400728209,84.80473798224794,50.2264352794316,82.06760393563354
966,46.2444551409695,84.55341306101066,50.19977748141254,81.79714797337454
967,46.17408767930624,84.30140039132476,50.17573024511997,81.52642316281646
968,46.10606073355056,84.04872087417462,50.154299177652696,81.25545444942371
969,46.04038323562838,83.79539554451496,50.13548965127325,80.98426688991142
970,45.97706393623139,83.54144556990602,50.11930680151914,80.71288565017409
971,45.91611140292186,83.28689224912348,50.105755525328966,80.44133600318484
972,45.8575340182446,83.03175701074339,50.09484047918377,80.16964332686725
973,45.80133997784629,82.7760614117018,50.08656607726453,79.89783310193877
974,45.747537288602494,82.51982713582923,50.08093648962458,79.6259309097248
975,45.69613376675267,82.2630759923599,50.07795564037987,79.35396242994626
976,45.64713703604354,82.00582991441564,50.07762720591462,79.08195343847726
977,45.600554525881,81.74811095746455,50.07995461310562,78.80992980507624
978,45.55639346949104,81.48994129775434,50.08494103756262,78.53791749108736
979,45.51466090208992,81.2313432307203,50.09258940188818,78.26594254711598
980,45.4753636590638,80.97233916936793,50.10290237395465,77.9940311106739
981,45.43850837415845,80.71295164263022,50.11588236520106,77.72220940379906
982,45.40410147767899,80.45320329369953,50.13153152894812,77.45050373064565
983,45.37214919470026,80.19311687833418,50.14985175873371,77.17894047504795
984,45.34265754328804,79.93271526313953,50.17084468666779,76.90754609805518
985,45.3156323327314,79.6720214238238,50.19451168180795,76.63634713544083
986,45.29107916178661,79.41105844342847,50.22085384855569,76.36537019518248
987,45.26900341693289,79.14984951053343,50.24987202507393,76.09464195491643
988,45.24941027064028,78.88841791743658,50.28156678172592,75.82418915936316
989,45.23230467965005,78.62678705830835,50.315938419536494,75.55403861772774
990,45.21769138326796,78.36498042732076,50.35298696867547,75.28421720107198
991,45.20557490167062,78.10302161675129,50.39271218696391,75.01475183966053
992,45.195959534225466,77.8409343150615,50.43511355840345,74.74566952027986
993,45.18884935782446,77.5787423049504,50.48019029172994,74.47699728353165
994,45.18424822523205,77.31646946138265,50.52794131899005,74.20876222109855
995,45.18215976344766,77.0541397495918,50.57836529414312,73.94099147298512
996,45.18258737208296,76.79177722305815,50.63146059168754,73.67371222473176
997,45.18553422175447,76.52940602146187,50.68722530531245,73.40695170460334
998,45.19100325249162,76.26705036861097,50.745657246575156,73.14073718075224
