,gt_x,gt_y,xs_x,xs_y,Ts
0,0.0,0.0,15.322784481661328,3.127531979928072,0.05
1,0.25,0.0,15.80984475014331,1.9980857521064128,0.1
2,0.5,0.0,16.022244230978952,1.599210696307035,0.15
3,0.75,0.0,16.121528478715256,1.3867567731006638,0.2
4,1.0,0.0,16.27572719896055,1.2125555157635703,0.25
5,1.25,0.0,16.400822203061185,1.0728685029174905,0.3
6,1.5,0.0,16.613802682176253,0.9343845149859218,0.35
7,1.75,0.0,16.78501344984149,0.805243067385873,0.4
8,2.0,0.0,16.961900065501737,0.6557038502969131,0.45
9,2.25,0.0,17.08841183557739,0.5080532688775005,0.5
10,2.5,0.0,17.2675276259232,0.3587749088163787,0.55
11,2.75,0.0,17.615810960221157,0.22099720655885174,0.6000000000000001
12,3.0,0.0,18.16127260597447,-0.0012083819319803552,0.65
13,3.25,0.0,18.453230938055096,-0.212006368242968,0.7000000000000001
14,3.5,0.0,18.764602913360694,-0.37814383983316063,0.75
15,3.75,0.0,19.038232127285838,-0.5488130425162863,0.8
16,4.0,0.0,19.470453442329237,-0.7087420371879444,0.8500000000000001
17,4.25,0.0,20.269795689593384,-0.9839827778974037,0.9
18,4.5,0.0,21.165836652549086,-1.2237253417095608,0.95
19,4.75,0.0,21.312911213113097,-1.4075033472893441,1.0
20,5.0,0.0,21.34389453007637,-1.5774938663931937,1.05
21,5.25,0.0,21.69632574858465,-1.7545317556465578,1.1
22,5.5,0.0,22.42190145684711,-1.9999497811103382,1.15
23,5.75,0.0,23.017341033296514,-2.2462927057087705,1.2000000000000002
24,6.0,0.0,22.889150978331973,-2.4292256573489035,1.25
25,6.25,0.0,22.490010125155383,-2.561244341064179,1.3
26,6.5,0.0,22.65463277427905,-2.61476531050518,1.35
27,6.75,0.0,23.022010746984833,-2.692782917317401,1.4
28,7.0,0.0,23.266762629436315,-2.696922914685274,1.4500000000000002
29,7.25,0.0,23.411621077636767,-2.6521009246874265,1.5
30,7.5,0.0,23.59676108589065,-2.403721636865532,1.55
31,7.75,0.0,23.49546675275485,-2.231263594532215,1.6
32,8.0,0.0,23.360259076416543,-2.2550267177255625,1.65
33,8.25,0.0,23.212010116845985,-2.3513007205833105,1.7000000000000002
34,8.5,0.0,23.05995688573501,-2.4944232022156756,1.75
35,8.75,0.0,22.90397379035363,-2.651806282444783,1.8
36,9.0,0.0,22.752971609195882,-2.8393044457237036,1.85
37,9.25,0.0,22.60476395177915,-3.037918498470253,1.9
38,9.5,0.0,22.45720204990154,-3.238956398527973,1.95
39,9.75,0.0,22.310320410340047,-3.440898069975711,2.0
40,10.0,0.0,22.16310120028723,-3.643479921220951,2.0500000000000003
41,10.25,0.0,22.016046543817026,-3.8463070462551223,2.1
42,10.5,0.0,21.86916978672355,-4.049219375753656,2.15
43,10.75,0.0,21.72232571022598,-4.25214541358467,2.2
44,11.0,0.0,21.57549118391049,-4.455078127941745,2.25
45,11.25,0.0,21.428661070673552,-4.6580126069158085,2.3000000000000003
46,11.5,0.0,21.281833455995915,-4.8609477885743395,2.35
47,11.75,0.0,21.1350065937236,-5.063883145889963,2.4000000000000004
48,12.0,0.0,20.988180022653196,-5.26681855248979,2.45
49,12.25,0.0,20.841353542198167,-5.4697539749305975,2.5
50,12.5,0.0,20.69452709029195,-5.672689401804255,2.5500000000000003
51,12.75,0.0,20.547700648639445,-5.875624830227995,2.6
52,13.0,0.0,20.40087420967865,-6.0785602590155605,2.6500000000000004
53,13.25,0.0,20.25404777167213,-6.281495687919393,2.7
54,13.5,0.0,20.107221333903556,-6.48443111685124,2.75
55,13.75,0.0,19.960394896193556,-6.687366545789794,2.8000000000000003
56,14.0,0.0,19.81356845849727,-6.890301974729845,2.85
57,14.25,0.0,19.666742020804673,-7.093237403670305,2.9000000000000004
58,14.5,0.0,19.519915583112258,-7.296172832610781,2.95
59,14.75,0.0,19.373089145420234,-7.499108261551306,3.0
60,15.0,0.0,19.226262707728196,-7.702043690491806,3.0500000000000003
61,15.25,0.0,19.07943627003621,-7.904979119432316,3.1
62,15.5,0.0,18.932609832344276,-8.107914548372873,3.1500000000000004
63,15.75,0.0,18.785783394652324,-8.310849977313378,3.2
64,16.0,0.0,18.638956956960254,-8.513785406253888,3.25
65,16.25,0.0,18.492130519268297,-8.716720835194396,3.3000000000000003
66,16.5,0.0,18.345304081576327,-8.919656264134932,3.35
67,16.75,0.0,18.19847764388437,-9.122591693075428,3.4000000000000004
68,17.0,0.0,18.051651206192368,-9.325527122015965,3.45
69,17.25,0.0,17.904824768500433,-9.528462550956505,3.5
70,17.5,0.0,17.757998330808473,-9.731397979897027,3.5500000000000003
71,17.75,0.0,17.611171893116495,-9.93433340883754,3.6
72,18.0,0.0,17.464345455424546,-10.137268837778075,3.65
73,18.25,0.0,17.317519017732547,-10.340204266718613,3.7
74,18.5,0.0,17.170692580040548,-10.543139695659091,3.75
75,18.75,0.0,17.02386614234855,-10.746075124599605,3.8
76,19.0,0.0,16.877039704656667,-10.949010553540155,3.85
77,19.25,0.0,16.730213266964608,-11.151945982480655,3.9
78,19.5,0.0,16.583386829272666,-11.35488141142121,3.95
79,19.75,0.0,16.436560391580667,-11.557816840361674,4.0
80,20.0,0.0,16.289733953888728,-11.760752269302213,4.05
81,20.25,0.0,16.142907516196775,-11.96368769824277,4.1000000000000005
82,20.5,0.0,15.99608107850473,-12.166623127183266,4.15
83,20.75,0.0,15.849254640812791,-12.369558556123788,4.2
84,21.0,0.0,15.702428203120776,-12.572493985064265,4.25
85,21.25,0.0,15.555601765428841,-12.775429414004854,4.3
86,21.5,0.0,15.408775327736896,-12.978364842945375,4.3500000000000005
87,21.75,0.0,15.261948890044883,-13.181300271885869,4.4
88,22.0,0.0,15.115122452352942,-13.38423570082639,4.45
89,22.25,0.0,14.968296014660943,-13.587171129766931,4.5
90,22.5,0.0,14.821469576968964,-13.790106558707421,4.55
91,22.75,0.0,14.674643139276952,-13.993041987647945,4.6000000000000005
92,23.0,0.0,14.527816701585008,-14.195977416588482,4.65
93,23.25,0.0,14.380990263893063,-14.398912845529006,4.7
94,23.5,0.0,14.234163826201017,-14.601848274469496,4.75
95,23.75,0.0,14.08733738850911,-14.804783703410077,4.800000000000001
96,24.0,0.0,13.940510950817078,-15.00771913235056,4.8500000000000005
97,24.25,0.0,13.793684513125115,-15.210654561291031,4.9
98,24.5,0.0,13.646858075433123,-15.413589990231571,4.95
99,24.75,0.0,13.50003163774113,-15.616525419172097,5.0
100,25.0,0.0,13.353205200049217,-15.819460848112639,5.050000000000001
101,25.25,0.0,13.206378762357224,-16.02239627705317,5.1000000000000005
102,25.5,0.0,13.059552324665274,-16.225331705993707,5.15
103,25.75,0.0,12.912725886973236,-16.428267134934188,5.2
104,26.0,0.0,12.765899449281289,-16.63120256387472,5.25
105,26.25,0.0,12.619073011589341,-16.834137992815247,5.300000000000001
106,26.5,0.0,12.472246573897305,-17.03707342175573,5.3500000000000005
107,26.75,0.0,12.3254201362054,-17.240008850696324,5.4
108,27.0,0.0,12.178593698513364,-17.44294427963678,5.45
109,27.25,0.0,12.031767260821397,-17.645879708577265,5.5
110,27.5,0.0,11.884940823129408,-17.848815137517796,5.550000000000001
111,27.75,0.0,11.7381143854375,-18.051750566458406,5.6000000000000005
112,28.0,0.0,11.59128794774551,-18.254685995398933,5.65
113,28.25,0.0,11.444461510053518,-18.457621424339425,5.7
114,28.5,0.0,11.297635072361567,-18.660556853279957,5.75
115,28.75,0.0,11.150808634669561,-18.863492282220466,5.800000000000001
116,29.0,0.0,11.003982196977605,-19.066427711160948,5.8500000000000005
117,29.25,0.0,10.85715575928562,-19.269363140101493,5.9
118,29.5,0.0,10.710329321593635,-19.472298569042024,5.95
119,29.75,0.0,10.563502883901641,-19.67523399798249,6.0
120,30.0,0.0,10.416676446209657,-19.87816942692303,6.050000000000001
121,30.25,0.0,10.269850008517714,-20.081104855863583,6.1000000000000005
122,30.5,0.0,10.123023570825715,-20.284040284804057,6.15
123,30.75,0.0,9.97619713313376,-20.48697571374459,6.2
124,31.0,0.0,9.829370695441755,-20.689911142685133,6.25
125,31.25,0.0,9.682544257749807,-20.892846571625643,6.300000000000001
126,31.5,0.0,9.535717820057812,-21.09578200056615,6.3500000000000005
127,31.75,0.0,9.388891382365864,-21.29871742950672,6.4
128,32.0,0.0,9.242064944673903,-21.50165285844726,6.45
129,32.25,0.0,9.0952385069819,-21.704588287387754,6.5
130,32.5,0.0,8.948412069289931,-21.90752371632829,6.550000000000001
131,32.75,0.0,8.801585631597922,-22.110459145268756,6.6000000000000005
132,33.0,0.0,8.654759193905956,-22.31339457420929,6.65
133,33.25,0.0,8.507932756213984,-22.516330003149765,6.7
134,33.5,0.0,8.361106318522008,-22.719265432090335,6.75
135,33.75,0.0,8.214279880830038,-22.9222008610308,6.800000000000001
136,34.0,0.0,8.067453443138064,-23.12513628997141,6.8500000000000005
137,34.25,0.0,7.920627005446072,-23.328071718911872,6.9
138,34.5,0.0,7.773800567754123,-23.53100714785245,6.95
139,34.75,0.0,7.626974130062153,-23.733942576792995,7.0
140,35.0,0.0,7.480147692370156,-23.936878005733448,7.050000000000001
141,35.25,0.0,7.333321254678205,-24.139813434673993,7.1000000000000005
142,35.5,0.0,7.18649481698621,-24.3427488636145,7.15
143,35.75,0.0,7.039668379294241,-24.54568429255503,7.2
144,36.0,0.0,6.8928419416022635,-24.748619721495576,7.25
145,36.25,0.0,6.746015503910294,-24.95155515043611,7.300000000000001
146,36.5,0.0,6.599189066218323,-25.154490579376613,7.35
147,36.75,0.0,6.452362628526353,-25.35742600831715,7.4
148,37.0,0.0,6.305536190834362,-25.56036143725761,7.45
149,37.25,0.0,6.158709753142382,-25.763296866198143,7.5
150,37.5,0.0,6.011883315450435,-25.96623229513869,7.550000000000001
151,37.75,0.0,5.865056877758444,-26.16916772407919,7.6
152,38.0,0.0,5.718230440066464,-26.37210315301973,7.65
153,38.25,0.0,5.571404002374474,-26.57503858196017,7.7
154,38.5,0.0,5.424577564682522,-26.777974010900778,7.75
155,38.75,0.0,5.2777511269905535,-26.98090943984132,7.800000000000001
156,39.0,0.0,5.130924689298564,-27.18384486878176,7.85
157,39.25,0.0,4.984098251606583,-27.3867802977223,7.9
158,39.5,0.0,4.83727181391462,-27.589715726662842,7.95
159,39.75,0.0,4.6904453762226295,-27.792651155603274,8.0
160,40.0,0.0,4.543618938530663,-27.995586584543787,8.05
161,40.25,0.0,4.396792500838681,-28.19852201348433,8.1
162,40.5,0.0,4.249966063146708,-28.40145744242486,8.15
163,40.75,0.0,4.103139625454742,-28.6043928713655,8.200000000000001
164,41.0,0.0,3.956313187762764,-28.80732830030602,8.25
165,41.25,0.0,3.8094867500707794,-29.010263729246446,8.3
166,41.5,0.0,3.662660312378821,-29.21319915818699,8.35
167,41.75,0.0,3.5158338746868374,-29.41613458712743,8.4
168,42.0,0.0,3.3690074369948553,-29.619070016067962,8.450000000000001
169,42.25,0.0,3.222180999302893,-29.822005445008582,8.5
170,42.5,0.0,3.075354561610908,-30.024940873949014,8.55
171,42.75,0.0,2.9285281239189387,-30.227876302889666,8.6
172,43.0,0.0,2.781701686226964,-30.430811731830175,8.65
173,43.25,0.0,2.634875248534988,-30.633747160770607,8.700000000000001
174,43.5,0.0,2.4880488108430074,-30.836682589711156,8.75
175,43.75,0.0,2.341222373151034,-31.03961801865166,8.8
176,44.0,0.0,2.194395935459055,-31.242553447592115,8.85
177,44.25,0.0,2.0475694977670846,-31.445488876532746,8.9
178,44.5,0.0,1.900743060075106,-31.64842430547317,8.950000000000001
179,44.75,0.0,1.7539166223831284,-31.85135973441371,9.0
180,45.0,0.0,1.6070901846911607,-32.05429516335437,9.05
181,45.25,0.0,1.4602637469991828,-32.257230592294874,9.1
182,45.5,0.0,1.3134373093072094,-32.4601660212353,9.15
183,45.75,0.0,1.1666108716152324,-32.66310145017585,9.2
184,46.0,0.0,1.0197844339232538,-32.86603687911638,9.25
185,46.25,0.0,0.872957996231279,-33.0689723080568,9.3
186,46.5,0.0,0.7261315585393042,-33.27190773699732,9.35
187,46.75,0.0,0.5793051208473297,-33.474843165937855,9.4
188,47.0,0.0,0.4324786831553528,-33.67777859487839,9.45
189,47.25,0.0,0.28565224546337914,-33.88071402381904,9.5
190,47.5,0.0,0.13882580777140296,-34.08364945275958,9.55
191,47.75,0.0,-0.008000629920572546,-34.286584881700016,9.6
192,48.0,0.0,-0.15482706761254797,-34.48952031064042,9.65
193,48.25,0.0,-0.30165350530452373,-34.69245573958108,9.7
194,48.5,0.0,-0.4484799429964976,-34.89539116852151,9.75
195,48.75,0.0,-0.5953063806884741,-35.09832659746211,9.8
196,49.0,0.0,-0.7421328183804501,-35.30126202640257,9.85
197,49.25,0.0,-0.8889592560724283,-35.5041974553432,9.9
198,49.5,0.0,-1.0357856937643997,-35.707132884283716,9.95
199,49.75,0.0,-1.182612131456379,-35.91006831322416,10.0
200,50.0,0.0,-1.3294385691483528,-36.1130037421647,10.05
201,50.25,0.0,-1.476265006840324,-36.3159391711051,10.1
202,50.5,0.0,-1.6230914445323077,-36.518874600045756,10.15
203,50.75,0.0,-1.7699178822242814,-36.72181002898632,10.2
204,51.0,0.0,-1.916744319916251,-36.9247454579267,10.25
205,51.25,0.0,-2.0635707576082303,-37.12768088686736,10.3
206,51.5,0.0,-2.2103971953002075,-37.330616315807895,10.35
207,51.75,0.0,-2.3572236329921825,-37.533551744748344,10.4
208,52.0,0.0,-2.50405007068416,-37.73648717368888,10.45
209,52.25,0.0,-2.6508765083761263,-37.93942260262938,10.5
210,52.5,0.0,-2.7977029460681044,-38.14235803156983,10.55
211,52.75,0.0,-2.9445293837600857,-38.34529346051041,10.6
212,53.0,0.0,-3.0913558214520505,-38.5482288894509,10.65
213,53.25,0.0,-3.2381822591440232,-38.75116431839143,10.7
214,53.5,0.0,-3.3850086968360085,-38.95409974733189,10.75
215,53.75,0.0,-3.531835134527992,-39.15703517627256,10.8
216,54.0,0.0,-3.678661572219951,-39.359970605212965,10.85
217,54.25,0.0,-3.8254880099119344,-39.56290603415349,10.9
218,54.5,0.0,-3.972314447603907,-39.76584146309403,10.95
219,54.75,0.0,-4.119140885295891,-39.968776892034604,11.0
220,55.0,0.0,-4.265967322987865,-40.17171232097518,11.05
221,55.25,0.0,-4.4127937606798335,-40.37464774991568,11.1
222,55.5,0.0,-4.559620198371801,-40.57758317885609,11.15
223,55.75,0.0,-4.706446636063778,-40.78051860779662,11.2
224,56.0,0.0,-4.853273073755766,-40.98345403673721,11.25
225,56.25,0.0,-5.000099511447734,-41.18638946567769,11.3
226,56.5,0.0,-5.146925949139718,-41.38932489461827,11.35
227,56.75,0.0,-5.293752386831674,-41.59226032355868,11.4
228,57.0,0.0,-5.44057882452366,-41.795195752499254,11.45
229,57.25,0.0,-5.587405262215642,-41.99813118143991,11.5
230,57.5,0.0,-5.734231699907609,-42.20106661038028,11.55
231,57.75,0.0,-5.881058137599579,-42.404002039320716,11.6
232,58.0,0.0,-6.027884575291558,-42.60693746826126,11.65
233,58.25,0.0,-6.174711012983529,-42.80987289720181,11.7
234,58.5,0.0,-6.321537450675521,-43.0128083261424,11.75
235,58.75,0.0,-6.468363888367491,-43.21574375508294,11.8
236,59.0,0.0,-6.615190326059445,-43.41867918402331,11.85
237,59.25,0.0,-6.762016763751437,-43.62161461296385,11.9
238,59.5,0.0,-6.908843201443408,-43.824550041904544,11.95
239,59.75,0.0,-7.055669639135402,-44.027485470845086,12.0
240,60.0,0.0,-7.202496076827374,-44.230420899785614,12.05
241,60.25,0.0,-7.34932251451935,-44.433356328726155,12.1
242,60.5,0.0,-7.496148952211293,-44.63629175766655,12.15
243,60.75,0.0,-7.64297538990327,-44.839227186607076,12.2
244,61.0,0.0,-7.789801827595267,-45.04216261554768,12.25
245,61.25,0.0,-7.9366282652872355,-45.245098044488074,12.3
246,61.5,0.0,-8.083454702979205,-45.44803347342863,12.35
247,61.75,0.0,-8.230281140671181,-45.650968902369144,12.4
248,62.0,0.0,-8.377107578363155,-45.85390433130955,12.45
249,62.25,0.0,-8.52393401605512,-46.05683976025009,12.5
250,62.5,0.0,-8.670760453747127,-46.25977518919071,12.55
251,62.75,0.0,-8.817586891439065,-46.46271061813115,12.6
252,63.0,0.0,-8.964413329131066,-46.6656460470717,12.65
253,63.25,0.0,-9.111239766823035,-46.868581476012324,12.7
254,63.5,0.0,-9.258066204515009,-47.0715169049527,12.75
255,63.75,0.0,-9.404892642206988,-47.27445233389323,12.8
256,64.0,0.0,-9.551719079898948,-47.47738776283377,12.85
257,64.25,0.0,-9.698545517590961,-47.68032319177446,12.9
258,64.5,0.0,-9.845371955282925,-47.88325862071494,12.95
259,64.75,0.0,-9.992198392974892,-48.08619404965538,13.0
260,65.0,0.0,-10.139024830666866,-48.28912947859602,13.05
261,65.25,0.0,-10.28585126835887,-48.49206490753655,13.1
262,65.5,0.0,-10.43267770605082,-48.69500033647693,13.15
263,65.75,0.0,-10.579504143742815,-48.89793576541748,13.2
264,66.0,0.0,-10.7263305814348,-49.10087119435802,13.25
265,66.25,0.0,-10.873157019126754,-49.30380662329848,13.3
266,66.5,0.0,-11.019983456818766,-49.50674205223909,13.35
267,66.75,0.0,-11.16680989451068,-49.709677481179455,13.4
268,67.0,0.0,-11.313636332202702,-49.91261291012009,13.45
269,67.25,0.0,-11.46046276989465,-50.115548339060524,13.5
270,67.5,0.0,-11.607289207586645,-50.31848376800117,13.55
271,67.75,0.0,-11.754115645278636,-50.52141919694172,13.6
272,68.0,0.0,-11.90094208297059,-50.724354625882256,13.65
273,68.25,0.0,-12.04776852066255,-50.92729005482261,13.7
274,68.5,0.0,-12.194594958354505,-51.13022548376315,13.75
275,68.75,0.0,-12.341421396046538,-51.333160912703875,13.8
276,69.0,0.0,-12.488247833738487,-51.536096341644416,13.85
277,69.25,0.0,-12.63507427143048,-51.73903177058487,13.9
278,69.5,0.0,-12.781900709122425,-51.94196719952524,13.95
279,69.75,0.0,-12.928727146814419,-52.144902628465964,14.0
280,70.0,0.0,-13.075553584506412,-52.34783805740632,14.05
281,70.25,0.0,-13.222380022198328,-52.550773486346856,14.1
282,70.5,0.0,-13.369206459890318,-52.753708915287206,14.15
283,70.75,0.0,-13.516032897582313,-52.956644344227875,14.2
284,71.0,0.0,-13.66285933527431,-53.1595797731684,14.25
285,71.25,0.0,-13.80968577296627,-53.36251520210883,14.3
286,71.5,0.0,-13.95651221065825,-53.56545063104949,14.35
287,71.75,0.0,-14.103338648350261,-53.76838605999003,14.4
288,72.0,0.0,-14.250165086042205,-53.97132148893038,14.45
289,72.25,0.0,-14.3969915237342,-54.174256917871105,14.5
290,72.5,0.0,-14.543817961426143,-54.37719234681165,14.55
291,72.75,0.0,-14.69064439911809,-54.58012777575199,14.6
292,73.0,0.0,-14.837470836810098,-54.783063204692525,14.65
293,73.25,0.0,-14.984297274502083,-54.98599863363321,14.7
294,73.5,0.0,-15.131123712194094,-55.18893406257375,14.75
295,73.75,0.0,-15.27795014988602,-55.39186949151408,14.8
296,74.0,0.0,-15.424776587578034,-55.59480492045483,14.85
297,74.25,0.0,-15.57160302526998,-55.797740349395184,14.9
298,74.5,0.0,-15.718429462961975,-56.0006757783357,14.95
299,74.75,0.0,-15.865255900653974,-56.20361120727625,15.0
300,75.0,0.0,-16.012082338345913,-56.40654663621678,15.05
301,75.25,0.0,-16.158908776037865,-56.609482065157124,15.1
302,75.5,0.0,-16.305735213729868,-56.81241749409765,15.15
303,75.75,0.0,-16.452561651421863,-57.01535292303835,15.2
304,76.0,0.0,-16.599388089113802,-57.21828835197888,15.25
305,76.25,0.0,-16.746214526805797,-57.42122378091941,15.3
306,76.5,0.0,-16.89304096449774,-57.62415920985975,15.35
307,76.75,0.0,-17.0398674021897,-57.827094638800304,15.4
308,77.0,0.0,-17.18669383988168,-58.03003006774083,15.45
309,77.25,0.0,-17.33352027757363,-58.23296549668137,15.5
310,77.5,0.0,-17.480346715265625,-58.43590092562191,15.55
311,77.75,0.0,-17.627173152957642,-58.63883635456262,15.6
312,78.0,0.0,-17.773999590649577,-58.841771783502935,15.65
313,78.25,0.0,-17.92082602834157,-59.04470721244348,15.7
314,78.5,0.0,-18.067652466033568,-59.24764264138402,15.75
315,78.75,0.0,-18.214478903725517,-59.450578070324546,15.8
316,79.0,0.0,-18.361305341417523,-59.65351349926509,15.85
317,79.25,0.0,-18.508131779109437,-59.85644892820542,15.9
318,79.5,0.0,-18.654958216801447,-60.05938435714611,15.95
319,79.75,0.0,-18.80178465449346,-60.262319786086664,16.0
320,80.0,0.0,-18.948611092185413,-60.465255215027184,16.05
321,80.25,0.0,-19.09543752987738,-60.66819064396773,16.1
322,80.5,0.0,-19.242263967569308,-60.87112607290804,16.150000000000002
323,80.75,0.0,-19.38909040526134,-61.07406150184882,16.2
324,81.0,0.0,-19.535916842953295,-61.276996930789366,16.25
325,81.25,0.0,-19.682743280645298,-61.47993235972984,16.3
326,81.5,0.0,-19.82956971833719,-61.6828677886702,16.35
327,81.75,0.0,-19.976396156029214,-61.88580321761092,16.400000000000002
328,82.0,0.0,-20.12322259372115,-62.0887386465513,16.45
329,82.25,0.0,-20.270049031413183,-62.291674075492004,16.5
330,82.5,0.0,-20.416875469105115,-62.49460950443232,16.55
331,82.75,0.0,-20.563701906797064,-62.69754493337285,16.6
332,83.0,0.0,-20.710528344489106,-62.9004803623134,16.650000000000002
333,83.25,0.0,-20.85735478218104,-63.103415791253944,16.7
334,83.5,0.0,-21.004181219873,-63.30635122019425,16.75
335,83.75,0.0,-21.15100765756502,-63.50928664913498,16.8
336,84.0,0.0,-21.29783409525698,-63.712222078075506,16.85
337,84.25,0.0,-21.444660532948994,-63.91515750701606,16.900000000000002
338,84.5,0.0,-21.591486970640922,-64.11809293595635,16.95
339,84.75,0.0,-21.73831340833288,-64.3210283648969,17.0
340,85.0,0.0,-21.885139846024863,-64.52396379383767,17.05
341,85.25,0.0,-22.031966283716795,-64.72689922277797,17.1
342,85.5,0.0,-22.178792721408875,-64.92983465171875,17.150000000000002
343,85.75,0.0,-22.325619159100864,-65.1327700806593,17.2
344,86.0,0.0,-22.47244559679277,-65.33570550959959,17.25
345,86.25,0.0,-22.61927203448475,-65.53864093854031,17.3
346,86.5,0.0,-22.766098472176672,-65.74157636748066,17.35
347,86.75,0.0,-22.912924909868725,-65.94451179642141,17.400000000000002
348,87.0,0.0,-23.059751347560667,-66.14744722536172,17.45
349,87.25,0.0,-23.206577785252627,-66.35038265430227,17.5
350,87.5,0.0,-23.353404222944558,-66.55331808324279,17.55
351,87.75,0.0,-23.50023066063664,-66.75625351218328,17.6
352,88.0,0.0,-23.64705709832857,-66.95918894112384,17.650000000000002
353,88.25,0.0,-23.79388353602054,-67.16212437006419,17.7
354,88.5,0.0,-23.94070997371247,-67.3650597990047,17.75
355,88.75,0.0,-24.08753641140453,-67.56799522794543,17.8
356,89.0,0.0,-24.2343628490965,-67.770930656886,17.85
357,89.25,0.0,-24.381189286788413,-67.97386608582629,17.900000000000002
358,89.5,0.0,-24.528015724480433,-68.17680151476708,17.95
359,89.75,0.0,-24.674842162172403,-68.37973694370754,18.0
360,90.0,0.0,-24.821668599864324,-68.58267237264789,18.05
361,90.25,0.0,-24.968495037556384,-68.78560780158861,18.1
362,90.5,0.0,-25.115321475248308,-68.98854323052925,18.15
363,90.75,0.0,-25.262147912940236,-69.1914786594695,18.2
364,91.0,0.0,-25.408974350632292,-69.39441408841027,18.25
365,91.25,0.0,-25.55580078832421,-69.59734951735057,18.3
366,91.5,0.0,-25.702627226016176,-69.80028494629109,18.35
367,91.75,0.0,-25.849453663708196,-70.00322037523166,18.4
368,92.0,0.0,-25.996280101400174,-70.20615580417218,18.45
369,92.25,0.0,-26.143106539092084,-70.40909123311246,18.5
370,92.5,0.0,-26.289932976784094,-70.61202666205305,18.55
371,92.75,0.0,-26.43675941447607,-70.81496209099376,18.6
372,93.0,0.0,-26.583585852167992,-71.01789751993414,18.65
373,93.25,0.0,-26.730412289860062,-71.22083294887484,18.7
374,93.5,0.0,-26.87723872755207,-71.42376837781543,18.75
375,93.75,0.0,-27.02406516524405,-71.62670380675593,18.8
376,94.0,0.0,-27.17089160293596,-71.82963923569642,18.85
377,94.25,0.0,-27.317718040627938,-72.03257466463697,18.9
378,94.5,0.0,-27.464544478319944,-72.23551009357745,18.95
379,94.75,0.0,-27.61137091601186,-72.43844552251784,19.0
380,95.0,0.0,-27.758197353703835,-72.64138095145832,19.05
381,95.25,0.0,-27.90502379139574,-72.84431638039887,19.1
382,95.5,0.0,-28.05185022908772,-73.04725180933934,19.15
383,95.75,0.0,-28.1986766667798,-73.25018723828,19.200000000000003
384,96.0,0.0,-28.34550310447181,-73.45312266722048,19.25
385,96.25,0.0,-28.49232954216373,-73.65605809616109,19.3
386,96.5,0.0,-28.63915597985563,-73.8589935251013,19.35
387,96.75,0.0,-28.785982417547608,-74.0619289540419,19.4
388,97.0,0.0,-28.9328088552397,-74.26486438298262,19.450000000000003
389,97.25,0.0,-29.07963529293171,-74.46779981192321,19.5
390,97.5,0.0,-29.226461730623615,-74.6707352408637,19.55
391,97.75,0.0,-29.373288168315483,-74.87367066980401,19.6
392,98.0,0.0,-29.520114606007578,-75.07660609874479,19.65
393,98.25,0.0,-29.66694104369951,-75.27954152768513,19.700000000000003
394,98.5,0.0,-29.813767481391377,-75.48247695662558,19.75
395,98.75,0.0,-29.96059391908347,-75.68541238556628,19.8
396,99.0,0.0,-30.107420356775485,-75.8883478145069,19.85
397,99.25,0.0,-30.254246794467498,-76.09128324344739,19.9
398,99.5,0.0,-30.401073232159362,-76.294218672388,19.950000000000003
399,99.75,0.0,-30.54789966985126,-76.4971541013282,20.0
400,100.0,0.0,-30.69472610754325,-76.70008953026878,20.05
401,100.25,0.0,-30.841552545235263,-76.90302495920926,20.1
402,100.5,0.0,-30.98837898292724,-77.10596038814991,20.15
403,100.75,0.0,-31.135205420619258,-77.30889581709015,20.200000000000003
404,101.0,0.0,-31.282031858311147,-77.51183124603075,20.25
405,101.25,0.0,-31.42885829600325,-77.71476667497149,20.3
406,101.5,0.0,-31.575684733695237,-77.9177021039121,20.35
407,101.75,0.0,-31.722511171387133,-78.12063753285256,20.4
408,102.0,0.0,-31.869337609079114,-78.323572961793,20.450000000000003
409,102.25,0.0,-32.01616404677101,-78.52650839073335,20.5
410,102.5,0.0,-32.162990484463016,-78.72944381967379,20.55
411,102.75,0.0,-32.30981692215513,-78.93237924861472,20.6
412,103.0,0.0,-32.45664335984702,-79.13531467755487,20.65
413,103.25,0.0,-32.603469797539006,-79.33825010649576,20.700000000000003
414,103.5,0.0,-32.75029623523102,-79.54118553543604,20.75
415,103.75,0.0,-32.89712267292301,-79.74412096437668,20.8
416,104.0,0.0,-33.04394911061502,-79.94705639331711,20.85
417,104.25,0.0,-33.19077554830692,-80.14999182225775,20.9
418,104.5,0.0,-33.33760198599891,-80.35292725119821,20.950000000000003
419,104.75,0.0,-33.4844284236908,-80.5558626801387,21.0
420,105.0,0.0,-33.63125486138289,-80.75879810907925,21.05
421,105.25,0.0,-33.7780812990748,-80.96173353801962,21.1
422,105.5,0.0,-33.924907736766784,-81.16466896696032,21.15
423,105.75,0.0,-34.0717341744588,-81.36760439590076,21.200000000000003
424,106.0,0.0,-34.21856061215081,-81.57053982484142,21.25
425,106.25,0.0,-34.365387049842695,-81.77347525378174,21.3
426,106.5,0.0,-34.512213487534815,-81.97641068272247,21.35
427,106.75,0.0,-34.6590399252267,-82.1793461116629,21.4
428,107.0,0.0,-34.80586636291868,-82.38228154060354,21.450000000000003
429,107.25,0.0,-34.95269280061069,-82.58521696954396,21.5
430,107.5,0.0,-35.09951923830257,-82.78815239848436,21.55
431,107.75,0.0,-35.24634567599459,-82.99108782742489,21.6
432,108.0,0.0,-35.39317211368647,-83.1940232563654,21.65
433,108.25,0.0,-35.53999855137859,-83.39695868530596,21.700000000000003
434,108.5,0.0,-35.686824989070466,-83.59989411424647,21.75
435,108.75,0.0,-35.83365142676248,-83.80282954318692,21.8
436,109.0,0.0,-35.9804778644545,-84.00576497212757,21.85
437,109.25,0.0,-36.12730430214649,-84.20870040106783,21.9
438,109.5,0.0,-36.27413073983838,-84.41163583000848,21.950000000000003
439,109.75,0.0,-36.42095717753047,-84.6145712589492,22.0
440,110.0,0.0,-36.567783615222346,-84.81750668788952,22.05
441,110.25,0.0,-36.714610052914345,-85.02044211683027,22.1
442,110.5,0.0,-36.86143649060635,-85.22337754577063,22.15
443,110.75,0.0,-37.00826292829838,-85.42631297471135,22.200000000000003
444,111.0,0.0,-37.15508936599025,-85.62924840365169,22.25
445,111.25,0.0,-37.301915803682384,-85.8321838325924,22.3
446,111.5,0.0,-37.44874224137439,-86.03511926153284,22.35
447,111.75,0.0,-37.59556867906617,-86.23805469047318,22.4
448,112.0,0.0,-37.74239511675817,-86.44099011941361,22.450000000000003
449,112.25,0.0,-37.88922155445019,-86.64392554835428,22.5
450,112.5,0.0,-38.03604799214212,-86.84686097729471,22.55
451,112.75,0.0,-38.182874429834115,-87.04979640623536,22.6
452,113.0,0.0,-38.329700867526036,-87.25273183517574,22.65
453,113.25,0.0,-38.47652730521802,-87.4556672641164,22.700000000000003
454,113.5,0.0,-38.623353742910034,-87.65860269305665,22.75
455,113.75,0.0,-38.770180180602175,-87.86153812199763,22.8
456,114.0,0.0,-38.91700661829411,-88.06447355093812,22.85
457,114.25,0.0,-39.063833055986095,-88.26740897987871,22.9
458,114.5,0.0,-39.21065949367796,-88.47034440881879,22.950000000000003
459,114.75,0.0,-39.357485931370014,-88.67327983775954,23.0
460,115.0,0.0,-39.50431236906203,-88.8762152667002,23.05
461,115.25,0.0,-39.651138806753885,-89.07915069564054,23.1
462,115.5,0.0,-39.79796524444582,-89.28208612458097,23.15
463,115.75,0.0,-39.944791682137954,-89.48502155352165,23.200000000000003
464,116.0,0.0,-40.091618119829974,-89.68795698246234,23.25
465,116.25,0.0,-40.23844455752187,-89.89089241140259,23.3
466,116.5,0.0,-40.385270995213894,-90.09382784034342,23.35
467,116.75,0.0,-40.53209743290589,-90.29676326928383,23.4
468,117.0,0.0,-40.67892387059775,-90.49969869822417,23.450000000000003
469,117.25,0.0,-40.82575030828966,-90.70263412716457,23.5
470,117.5,0.0,-40.97257674598171,-90.90556955610539,23.55
471,117.75,0.0,-41.119403183673725,-91.10850498504581,23.6
472,118.0,0.0,-41.26622962136573,-91.3114404139862,23.65
473,118.25,0.0,-41.413056059057595,-91.51437584292657,23.700000000000003
474,118.5,0.0,-41.559882496749736,-91.71731127186757,23.75
475,118.75,0.0,-41.7067089344416,-91.92024670080764,23.8
476,119.0,0.0,-41.85353537213353,-92.12318212974833,23.85
477,119.25,0.0,-42.00036180982556,-92.32611755868905,23.9
478,119.5,0.0,-42.14718824751755,-92.52905298762941,23.950000000000003
479,119.75,0.0,-42.29401468520944,-92.7319884165698,24.0
480,120.0,0.0,-42.44084112290151,-92.93492384551051,24.05
481,120.25,0.0,-42.58766756059353,-93.1378592744512,24.1
482,120.5,0.0,-42.73449399828552,-93.34079470339145,24.15
483,120.75,0.0,-42.88132043597753,-93.54373013233226,24.200000000000003
484,121.0,0.0,-43.028146873669456,-93.74666556127254,24.25
485,121.25,0.0,-43.17497331136139,-93.949600990213,24.3
486,121.5,0.0,-43.321799749053405,-94.15253641915345,24.35
487,121.75,0.0,-43.46862618674531,-94.3554718480941,24.4
488,122.0,0.0,-43.6154526244372,-94.55840727703433,24.450000000000003
489,122.25,0.0,-43.76227906212928,-94.76134270597537,24.5
490,122.5,0.0,-43.90910549982128,-94.96427813491574,24.55
491,122.75,0.0,-44.05593193751315,-95.16721356385612,24.6
492,123.0,0.0,-44.20275837520532,-95.37014899279684,24.65
493,123.25,0.0,-44.349584812897156,-95.57308442173716,24.700000000000003
494,123.5,0.0,-44.496411250589254,-95.77601985067791,24.75
495,123.75,0.0,-44.64323768828129,-95.9789552796182,24.8
496,124.0,0.0,-44.790064125973124,-96.18189070855898,24.85
497,124.25,0.0,-44.936890563665145,-96.38482613749936,24.9
498,124.5,0.0,-45.083717001357144,-96.58776156644007,24.950000000000003
499,124.75,0.0,-45.230543439048986,-96.7906969953801,25.0
500,125.0,0.0,-45.37736987674107,-96.99363242432099,25.05
501,125.25,0.0,-45.52419631443309,-97.19656785326134,25.1
502,125.5,0.0,-45.671022752125104,-97.39950328220209,25.15
503,125.75,0.0,-45.81784918981694,-97.60243871114223,25.200000000000003
504,126.0,0.0,-45.96467562750895,-97.80537414008293,25.25
505,126.25,0.0,-46.11150206520095,-98.00830956902331,25.3
506,126.5,0.0,-46.25832850289288,-98.21124499796387,25.35
507,126.75,0.0,-46.40515494058493,-98.4141804269046,25.4
508,127.0,0.0,-46.55198137827689,-98.61711585584509,25.450000000000003
509,127.25,0.0,-46.69880781596878,-98.82005128478534,25.5
510,127.5,0.0,-46.84563425366088,-99.02298671372606,25.55
511,127.75,0.0,-46.992460691352875,-99.22592214266678,25.6
512,128.0,0.0,-47.139287129044874,-99.42885757160713,25.65
513,128.25,0.0,-47.286113566736724,-99.63179300054748,25.700000000000003
514,128.5,0.0,-47.43294000442873,-99.83472842948784,25.75
515,128.75,0.0,-47.579766442120665,-100.03766385842854,25.8
516,129.0,0.0,-47.72659287981271,-100.24059928736922,25.85
517,129.25,0.0,-47.87341931750469,-100.44353471630964,25.9
518,129.5,0.0,-48.020245755196626,-100.64647014525022,25.950000000000003
519,129.75,0.0,-48.16707219288854,-100.8494055741907,26.0
520,130.0,0.0,-48.31389863058065,-101.05234100313129,26.05
521,130.25,0.0,-48.46072506827266,-101.255276432072,26.1
522,130.5,0.0,-48.6075515059645,-101.458211861012,26.15
523,130.75,0.0,-48.7543779436566,-101.66114728995308,26.200000000000003
524,131.0,0.0,-48.90120438134852,-101.8640827188931,26.25
525,131.25,0.0,-49.04803081904063,-102.06701814783382,26.3
526,131.5,0.0,-49.19485725673247,-102.26995357677417,26.35
527,131.75,0.0,-49.341683694424475,-102.4728890057149,26.4
528,132.0,0.0,-49.488510132116325,-102.67582443465524,26.450000000000003
529,132.25,0.0,-49.635336569808416,-102.87875986359599,26.5
530,132.5,0.0,-49.78216300750044,-103.08169529253668,26.55
531,132.75,0.0,-49.92898944519244,-103.2846307214769,26.6
532,133.0,0.0,-50.075815882884456,-103.48756615041776,26.65
533,133.25,0.0,-50.2226423205763,-103.69050157935774,26.700000000000003
534,133.5,0.0,-50.36946875826841,-103.89343700829872,26.75
535,133.75,0.0,-50.51629519596025,-104.09637243723908,26.8
536,134.0,0.0,-50.66312163365227,-104.2993078661798,26.85
537,134.25,0.0,-50.80994807134409,-104.50224329511991,26.9
538,134.5,0.0,-50.95677450903609,-104.70517872406064,26.950000000000003
539,134.75,0.0,-51.10360094672809,-104.90811415300098,27.0
540,135.0,0.0,-51.25042738442023,-105.11104958194197,27.05
541,135.25,0.0,-51.39725382211205,-105.31398501088194,27.1
542,135.5,0.0,-51.54408025980407,-105.51692043982267,27.15
543,135.75,0.0,-51.690906697496075,-105.71985586876299,27.200000000000003
544,136.0,0.0,-51.83773313518808,-105.92279129770374,27.25
545,136.25,0.0,-51.98455957288002,-106.12572672664407,27.3
546,136.5,0.0,-52.13138601057204,-106.32866215558481,27.35
547,136.75,0.0,-52.27821244826406,-106.53159758452517,27.4
548,137.0,0.0,-52.42503888595587,-106.7345330134655,27.450000000000003
549,137.25,0.0,-52.571865323647884,-106.93746844240626,27.5
550,137.5,0.0,-52.71869176133982,-107.14040387134659,27.55
551,137.75,0.0,-52.865518199031825,-107.3433393002873,27.6
552,138.0,0.0,-53.012344636724045,-107.54627472922806,27.65
553,138.25,0.0,-53.15917107441599,-107.74921015816865,27.700000000000003
554,138.5,0.0,-53.30599751210781,-107.95214558710875,27.75
555,138.75,0.0,-53.45282394979981,-108.15508101604934,27.8
556,139.0,0.0,-53.59965038749176,-108.35801644499007,27.85
557,139.25,0.0,-53.74647682518378,-108.56095187393082,27.9
558,139.5,0.0,-53.89330326287583,-108.76388730287125,27.950000000000003
559,139.75,0.0,-54.040129700567604,-108.96682273181152,28.0
560,140.0,0.0,-54.1869561382596,-109.16975816075183,28.05
561,140.25,0.0,-54.33378257595183,-109.372693589693,28.1
562,140.5,0.0,-54.48060901364363,-109.57562901863294,28.15
563,140.75,0.0,-54.62743545133578,-109.77856444757366,28.200000000000003
564,141.0,0.0,-54.774261889027656,-109.981499876514,28.25
565,141.25,0.0,-54.92108832671964,-110.18443530545471,28.3
566,141.5,0.0,-55.06791476441142,-110.38737073439509,28.35
567,141.75,0.0,-55.21474120210356,-110.59030616333582,28.4
568,142.0,0.0,-55.36156763979537,-110.79324159227615,28.450000000000003
569,142.25,0.0,-55.50839407748757,-110.99617702121678,28.5
570,142.5,0.0,-55.6552205151796,-111.19911245015753,28.55
571,142.75,0.0,-55.80204695287161,-111.40204787909785,28.6
572,143.0,0.0,-55.9488733905636,-111.60498330803829,28.65
573,143.25,0.0,-56.09569982825558,-111.80791873697893,28.700000000000003
574,143.5,0.0,-56.24252626594738,-112.01085416591927,28.75
575,143.75,0.0,-56.38935270363938,-112.21378959486002,28.8
576,144.0,0.0,-56.53617914133134,-112.41672502380037,28.85
577,144.25,0.0,-56.68300557902322,-112.6196604527407,28.9
578,144.5,0.0,-56.82983201671515,-112.82259588168142,28.950000000000003
579,144.75,0.0,-56.97665845440742,-113.02553131062228,29.0
580,145.0,0.0,-57.12348489209918,-113.2284667395625,29.05
581,145.25,0.0,-57.270311329791184,-113.43140216850284,29.1
582,145.5,0.0,-57.417137767483354,-113.63433759744358,29.15
583,145.75,0.0,-57.5639642051752,-113.83727302638391,29.200000000000003
584,146.0,0.0,-57.71079064286717,-114.04020845532456,29.25
585,146.25,0.0,-57.85761708055918,-114.24314388426502,29.3
586,146.5,0.0,-58.00444351825119,-114.44607931320577,29.35
587,146.75,0.0,-58.151269955943135,-114.64901474214638,29.4
588,147.0,0.0,-58.29809639363499,-114.85195017108641,29.450000000000003
589,147.25,0.0,-58.44492283132717,-115.05488560002748,29.5
590,147.5,0.0,-58.591749269018955,-115.25782102896737,29.55
591,147.75,0.0,-58.73857570671098,-115.46075645790826,29.6
592,148.0,0.0,-58.88540214440298,-115.66369188684845,29.65
593,148.25,0.0,-59.032228582095165,-115.8666273157892,29.700000000000003
594,148.5,0.0,-59.17905501978695,-116.06956274472952,29.75
595,148.75,0.0,-59.325881457478964,-116.27249817367031,29.8
596,149.0,0.0,-59.47270789517074,-116.47543360261061,29.85
597,149.25,0.0,-59.6195343328627,-116.67836903155094,29.9
598,149.5,0.0,-59.766360770554726,-116.8813044604917,29.950000000000003
599,149.75,0.0,-59.91318720824695,-117.08423988943242,30.0
600,150.0,0.0,-60.06001364593896,-117.2871753183732,30.05
601,150.25,0.0,-60.20684008363075,-117.49011074731354,30.1
602,150.5,0.0,-60.35366652132293,-117.69304617625417,30.15
603,150.75,0.0,-60.50049295901473,-117.8959816051942,30.200000000000003
604,151.0,0.0,-60.647319396706735,-118.09891703413493,30.25
605,151.25,0.0,-60.79414583439853,-118.30185246307526,30.3
606,151.5,0.0,-60.9409722720907,-118.50478789201631,30.35
607,151.75,0.0,-61.08779870978248,-118.7077233209562,30.4
608,152.0,0.0,-61.2346251474745,-118.91065874989708,30.450000000000003
609,152.25,0.0,-61.381451585166744,-119.11359417883773,30.5
610,152.5,0.0,-61.52827802285853,-119.31652960777807,30.55
611,152.75,0.0,-61.675104460550536,-119.51946503671834,30.6
612,153.0,0.0,-61.82193089824255,-119.72240046565913,30.65
613,153.25,0.0,-61.96875733593473,-119.9253358945999,30.700000000000003
614,153.5,0.0,-62.11558377362653,-120.12827132354022,30.75
615,153.75,0.0,-62.26241021131848,-120.33120675248098,30.8
616,154.0,0.0,-62.409236649010495,-120.53414218142127,30.85
617,154.25,0.0,-62.556063086702565,-120.73707761036202,30.9
618,154.5,0.0,-62.70288952439453,-120.94001303930226,30.950000000000003
619,154.75,0.0,-62.84971596208652,-121.142948468243,31.0
620,155.0,0.0,-62.99654239977855,-121.34588389718333,31.05
621,155.25,0.0,-63.14336883747032,-121.54881932612376,31.1
622,155.5,0.0,-63.29019527516229,-121.75175475506443,31.15
623,155.75,0.0,-63.437021712854296,-121.95469018400483,31.200000000000003
624,156.0,0.0,-63.58384815054631,-122.1576256129455,31.25
625,156.25,0.0,-63.73067458823826,-122.36056104188626,31.3
626,156.5,0.0,-63.8775010259301,-122.56349647082614,31.35
627,156.75,0.0,-64.02432746362228,-122.7664318997669,31.4
628,157.0,0.0,-64.17115390131407,-122.9693673287072,31.450000000000003
629,157.25,0.0,-64.31798033900627,-123.17230275764797,31.5
630,157.5,0.0,-64.46480677669808,-123.37523818658829,31.55
631,157.75,0.0,-64.61163321439004,-123.57817361552907,31.6
632,158.0,0.0,-64.75845965208205,-123.78110904446936,31.65
633,158.25,0.0,-64.90528608977401,-123.98404447341015,31.700000000000003
634,158.5,0.0,-65.05211252746604,-124.1869799023508,31.75
635,158.75,0.0,-65.19893896515786,-124.38991533129078,31.8
636,159.0,0.0,-65.34576540285005,-124.5928507602319,31.85
637,159.25,0.0,-65.49259184054183,-124.79578618917186,31.9
638,159.5,0.0,-65.63941827823383,-124.9987216181126,31.950000000000003
639,159.75,0.0,-65.7862447159258,-125.20165704705329,32.0
640,160.0,0.0,-65.93307115361802,-125.40459247599405,32.050000000000004
641,160.25,0.0,-66.07989759130979,-125.60752790493397,32.1
642,160.5,0.0,-66.22672402900159,-125.8104633338748,32.15
643,160.75,0.0,-66.37355046669379,-126.01339876281544,32.2
644,161.0,0.0,-66.5203769043858,-126.21633419175576,32.25
645,161.25,0.0,-66.66720334207757,-126.41926962069603,32.300000000000004
646,161.5,0.0,-66.81402977976957,-126.62220504963682,32.35
647,161.75,0.0,-66.9608562174616,-126.82514047857713,32.4
648,162.0,0.0,-67.10768265515378,-127.02807590751789,32.45
649,162.25,0.0,-67.25450909284564,-127.23101133645869,32.5
650,162.5,0.0,-67.4013355305376,-127.43394676539901,32.550000000000004
651,162.75,0.0,-67.54816196822958,-127.6368821943393,32.6
652,163.0,0.0,-67.69498840592152,-127.83981762327998,32.65
653,163.25,0.0,-67.84181484361355,-128.04275305222075,32.7
654,163.5,0.0,-67.98864128130555,-128.24568848116107,32.75
655,163.75,0.0,-68.1354677189975,-128.44862391010182,32.800000000000004
656,164.0,0.0,-68.28229415668929,-128.65155933904217,32.85
657,164.25,0.0,-68.42912059438127,-128.85449476798254,32.9
658,164.5,0.0,-68.57594703207333,-129.05743019692332,32.95
659,164.75,0.0,-68.72277346976507,-129.26036562586364,33.0
660,165.0,0.0,-68.8695999074573,-129.46330105480428,33.050000000000004
661,165.25,0.0,-69.01642634514903,-129.66623648374457,33.1
662,165.5,0.0,-69.16325278284131,-129.86917191268537,33.15
663,165.75,0.0,-69.31007922053332,-130.07210734162615,33.2
664,166.0,0.0,-69.45690565822507,-130.275042770566,33.25
665,166.25,0.0,-69.60373209591708,-130.47797819950665,33.300000000000004
666,166.5,0.0,-69.7505585336091,-130.68091362844743,33.35
667,166.75,0.0,-69.89738497130107,-130.88384905738786,33.4
668,167.0,0.0,-70.04421140899308,-131.0867844863286,33.45
669,167.25,0.0,-70.19103784668508,-131.28971991526882,33.5
670,167.5,0.0,-70.33786428437685,-131.49265534420923,33.550000000000004
671,167.75,0.0,-70.48469072206883,-131.69559077314955,33.6
672,168.0,0.0,-70.631517159761,-131.89852620209064,33.65
673,168.25,0.0,-70.77834359745279,-132.1014616310306,33.7
674,168.5,0.0,-70.92517003514482,-132.3043970599718,33.75
675,168.75,0.0,-71.07199647283682,-132.50733248891208,33.800000000000004
676,169.0,0.0,-71.21882291052857,-132.71026791785235,33.85
677,169.25,0.0,-71.36564934822086,-132.91320334679327,33.9
678,169.5,0.0,-71.5124757859128,-133.11613877573348,33.95
679,169.75,0.0,-71.65930222360481,-133.31907420467425,34.0
680,170.0,0.0,-71.80612866129682,-133.52200963361452,34.050000000000004
681,170.25,0.0,-71.9529550989888,-133.72494506255532,34.1
682,170.5,0.0,-72.09978153668081,-133.92788049149567,34.15
683,170.75,0.0,-72.24660797437261,-134.1308159204363,34.2
684,171.0,0.0,-72.39343441206456,-134.33375134937663,34.25
685,171.25,0.0,-72.54026084975659,-134.53668677831746,34.300000000000004
686,171.5,0.0,-72.68708728744834,-134.7396222072573,34.35
687,171.75,0.0,-72.83391372514033,-134.9425576361981,34.4
688,172.0,0.0,-72.9807401628325,-135.14549306513874,34.45
689,172.25,0.0,-73.12756660052447,-135.3484284940795,34.5
690,172.5,0.0,-73.27439303821627,-135.55136392301947,34.550000000000004
691,172.75,0.0,-73.4212194759083,-135.75429935196058,34.6
692,173.0,0.0,-73.56804591360032,-135.95723478090093,34.65
693,173.25,0.0,-73.71487235129229,-136.16017020984128,34.7
694,173.5,0.0,-73.8616987889843,-136.36310563878195,34.75
695,173.75,0.0,-74.00852522667607,-136.56604106772232,34.800000000000004
696,174.0,0.0,-74.15535166436831,-136.7689764966631,34.85
697,174.25,0.0,-74.30217810206032,-136.97191192560345,34.9
698,174.5,0.0,-74.44900453975207,-137.17484735454372,34.95
699,174.75,0.0,-74.59583097744431,-137.37778278348446,35.0
700,175.0,0.0,-74.74265741513604,-137.58071821242473,35.050000000000004
701,175.25,0.0,-74.88948385282805,-137.78365364136553,35.1
702,175.5,0.0,-75.03631029052008,-137.98658907030588,35.15
703,175.75,0.0,-75.18313672821189,-138.18952449924612,35.2
704,176.0,0.0,-75.32996316590385,-138.39245992818687,35.25
705,176.25,0.0,-75.47678960359596,-138.59539535712767,35.300000000000004
706,176.5,0.0,-75.62361604128775,-138.7983307860679,35.35
707,176.75,0.0,-75.77044247897975,-139.00126621500826,35.4
708,177.0,0.0,-75.91726891667176,-139.20420164394906,35.45
709,177.25,0.0,-76.06409535436383,-139.40713707288984,35.5
710,177.5,0.0,-76.21092179205554,-139.61007250183007,35.550000000000004
711,177.75,0.0,-76.35774822974756,-139.81300793077042,35.6
712,178.0,0.0,-76.50457466743953,-140.01594335971114,35.65
713,178.25,0.0,-76.65140110513154,-140.21887878865152,35.7
714,178.5,0.0,-76.79822754282355,-140.42181421759213,35.75
715,178.75,0.0,-76.94505398051581,-140.62474964653302,35.800000000000004
716,179.0,0.0,-77.09188041820758,-140.82768507547328,35.85
717,179.25,0.0,-77.23870685589964,-141.030620504414,35.9
718,179.5,0.0,-77.38553329359164,-141.23355593335438,35.95
719,179.75,0.0,-77.53235973128362,-141.4364913622951,36.0
720,180.0,0.0,-77.67918616897535,-141.63942679123502,36.05
721,180.25,0.0,-77.82601260666742,-141.84236222017586,36.1
722,180.5,0.0,-77.97283904435939,-142.04529764911604,36.15
723,180.75,0.0,-78.11966548205147,-142.24823307805727,36.2
724,181.0,0.0,-78.26649191974323,-142.4511685069972,36.25
725,181.25,0.0,-78.41331835743549,-142.65410393593825,36.3
726,181.5,0.0,-78.56014479512729,-142.85703936487863,36.35
727,181.75,0.0,-78.7069712328193,-143.05997479381904,36.4
728,182.0,0.0,-78.85379767051106,-143.26291022275927,36.45
729,182.25,0.0,-79.00062410820303,-143.46584565169988,36.5
730,182.5,0.0,-79.14745054589535,-143.66878108064094,36.55
731,182.75,0.0,-79.2942769835873,-143.8717165095812,36.6
732,183.0,0.0,-79.44110342127931,-144.07465193852178,36.65
733,183.25,0.0,-79.58792985897121,-144.2775873674622,36.7
734,183.5,0.0,-79.73475629666315,-144.48052279640297,36.75
735,183.75,0.0,-79.88158273435486,-144.6834582253428,36.8
736,184.0,0.0,-80.02840917204718,-144.88639365428395,36.85
737,184.25,0.0,-80.17523560973915,-145.08932908322421,36.9
738,184.5,0.0,-80.32206204743099,-145.29226451216513,36.95
739,184.75,0.0,-80.46888848512286,-145.49519994110497,37.0
740,185.0,0.0,-80.61571492281496,-145.698135370046,37.05
741,185.25,0.0,-80.76254136050666,-145.90107079898584,37.1
742,185.5,0.0,-80.90936779819869,-146.10400622792676,37.15
743,185.75,0.0,-81.05619423589081,-146.3069416568676,37.2
744,186.0,0.0,-81.20302067358278,-146.50987708580774,37.25
745,186.25,0.0,-81.34984711127454,-146.71281251474804,37.3
746,186.5,0.0,-81.4966735489668,-146.91574794368893,37.35
747,186.75,0.0,-81.64349998665882,-147.11868337262976,37.4
748,187.0,0.0,-81.79032642435054,-147.32161880156977,37.45
749,187.25,0.0,-81.93715286204254,-147.52455423051018,37.5
750,187.5,0.0,-82.08397929973465,-147.72748965945107,37.55
751,187.75,0.0,-82.23080573742666,-147.93042508839167,37.6
752,188.0,0.0,-82.37763217511868,-148.13336051733208,37.65
753,188.25,0.0,-82.52445861281066,-148.3362959462728,37.7
754,188.5,0.0,-82.67128505050246,-148.5392313752132,37.75
755,188.75,0.0,-82.81811148819438,-148.7421668041533,37.8
756,189.0,0.0,-82.96493792588647,-148.94510223309425,37.85
757,189.25,0.0,-83.11176436357846,-149.14803766203497,37.9
758,189.5,0.0,-83.2585908012702,-149.3509730909749,37.95
759,189.75,0.0,-83.40541723896249,-149.55390851991595,38.0
760,190.0,0.0,-83.55224367665419,-149.75684394885587,38.05
761,190.25,0.0,-83.6990701143462,-149.95977937779665,38.1
762,190.5,0.0,-83.84589655203804,-150.162714806737,38.15
763,190.75,0.0,-83.99272298973032,-150.36565023567772,38.2
764,191.0,0.0,-84.13954942742203,-150.56858566461804,38.25
765,191.25,0.0,-84.28637586511402,-150.77152109355873,38.3
766,191.5,0.0,-84.43320230280634,-150.97445652249945,38.35
767,191.75,0.0,-84.58002874049818,-151.17739195143977,38.400000000000006
768,192.0,0.0,-84.72685517819004,-151.38032738038007,38.45
769,192.25,0.0,-84.87368161588206,-151.58326280932093,38.5
770,192.5,0.0,-85.02050805357418,-151.78619823826153,38.55
771,192.75,0.0,-85.16733449126596,-151.98913366720194,38.6
772,193.0,0.0,-85.31416092895788,-152.19206909614223,38.650000000000006
773,193.25,0.0,-85.46098736664965,-152.39500452508267,38.7
774,193.5,0.0,-85.60781380434167,-152.5979399540232,38.75
775,193.75,0.0,-85.75464024203397,-152.80087538296414,38.8
776,194.0,0.0,-85.90146667972581,-153.00381081190494,38.85
777,194.25,0.0,-86.04829311741783,-153.20674624084538,38.900000000000006
778,194.5,0.0,-86.1951195551098,-153.40968166978547,38.95
779,194.75,0.0,-86.34194599280151,-153.6126170987258,39.0
780,195.0,0.0,-86.4887724304935,-153.8155525276665,39.05
781,195.25,0.0,-86.63559886818551,-154.01848795660692,39.1
782,195.5,0.0,-86.78242530587751,-154.22142338554744,39.150000000000006
783,195.75,0.0,-86.92925174356967,-154.42435881448844,39.2
784,196.0,0.0,-87.07607818126155,-154.62729424342868,39.25
785,196.25,0.0,-87.22290461895388,-154.8302296723694,39.3
786,196.5,0.0,-87.36973105664568,-155.03316510130972,39.35
787,196.75,0.0,-87.51655749433739,-155.23610053025,39.400000000000006
788,197.0,0.0,-87.6633839320294,-155.43903595919048,39.45
789,197.25,0.0,-87.81021036972145,-155.64197138813142,39.5
790,197.5,0.0,-87.9570368074134,-155.84490681707177,39.55
791,197.75,0.0,-88.10386324510536,-156.04784224601244,39.6
792,198.0,0.0,-88.25068968279747,-156.25077767495316,39.650000000000006
793,198.25,0.0,-88.39751612048914,-156.4537131038931,39.7
794,198.5,0.0,-88.54434255818116,-156.65664853283357,39.75
795,198.75,0.0,-88.691168995873,-156.85958396177438,39.8
796,199.0,0.0,-88.83799543356533,-157.06251939071532,39.85
797,199.25,0.0,-88.98482187125734,-157.2654548196554,39.900000000000006
798,199.5,0.0,-89.13164830894901,-157.46839024859565,39.95
799,199.75,0.0,-89.27847474664104,-157.67132567753646,40.0
800,200.0,0.0,-89.42530118433335,-157.87426110647712,40.05
801,200.25,0.0,-89.57212762202505,-158.07719653541736,40.1
802,200.5,0.0,-89.71895405971706,-158.2801319643578,40.150000000000006
803,200.75,0.0,-89.86578049740916,-158.48306739329874,40.2
804,201.0,0.0,-90.0126069351012,-158.6860028222392,40.25
805,201.25,0.0,-90.15943337279322,-158.88893825117975,40.3
806,201.5,0.0,-90.30625981048489,-159.09187368011996,40.35
807,201.75,0.0,-90.4530862481769,-159.29480910906042,40.400000000000006
808,202.0,0.0,-90.59991268586896,-159.49774453800137,40.45
809,202.25,0.0,-90.7467391235608,-159.70067996694183,40.5
810,202.5,0.0,-90.89356556125283,-159.90361539588264,40.55
811,202.75,0.0,-91.04039199894483,-160.10655082482307,40.6
812,203.0,0.0,-91.18721843663683,-160.3094862537632,40.650000000000006
813,203.25,0.0,-91.33404487432882,-160.512421682704,40.7
814,203.5,0.0,-91.48087131202084,-160.71535711164444,40.75
815,203.75,0.0,-91.62769774971285,-160.91829254058487,40.8
816,204.0,0.0,-91.77452418740484,-161.12122796952536,40.85
817,204.25,0.0,-91.92135062509688,-161.32416339846617,40.900000000000006
818,204.5,0.0,-92.06817706278851,-161.52709882740635,40.95
819,204.75,0.0,-92.21500350048089,-161.73003425634704,41.0
820,205.0,0.0,-92.3618299381727,-161.93296968528745,41.05
821,205.25,0.0,-92.50865637586472,-162.1359051142283,41.1
822,205.5,0.0,-92.65548281355643,-162.33884054316871,41.150000000000006
823,205.75,0.0,-92.80230925124873,-162.54177597210918,41.2
824,206.0,0.0,-92.94913568894044,-162.7447114010496,41.25
825,206.25,0.0,-93.09596212663213,-162.94764682998988,41.3
826,206.5,0.0,-93.24278856432413,-163.15058225893023,41.35
827,206.75,0.0,-93.38961500201633,-163.35351768787095,41.400000000000006
828,207.0,0.0,-93.53644143970813,-163.5564531168112,41.45
829,207.25,0.0,-93.68326787739998,-163.75938854575205,41.5
830,207.5,0.0,-93.830094315092,-163.96232397469242,41.55
831,207.75,0.0,-93.97692075278435,-164.16525940363346,41.6
832,208.0,0.0,-94.12374719047634,-164.36819483257392,41.650000000000006
833,208.25,0.0,-94.270573628168,-164.5711302615141,41.7
834,208.5,0.0,-94.41740006586002,-164.7740656904546,41.75
835,208.75,0.0,-94.56422650355219,-164.97700111939523,41.8
836,209.0,0.0,-94.71105294124405,-165.1799365483355,41.85
837,209.25,0.0,-94.8578793789362,-165.38287197727647,41.900000000000006
838,209.5,0.0,-95.00470581662822,-165.58580740621684,41.95
839,209.75,0.0,-95.15153225431992,-165.78874283515682,42.0
840,210.0,0.0,-95.2983586920119,-165.99167826409817,42.05
841,210.25,0.0,-95.44518512970396,-166.19461369303866,42.1
842,210.5,0.0,-95.59201156739597,-166.39754912197904,42.150000000000006
843,210.75,0.0,-95.73883800508763,-166.600484550919,42.2
844,211.0,0.0,-95.88566444277978,-166.80341997986,42.25
845,211.25,0.0,-96.03249088047161,-167.0063554088003,42.3
846,211.5,0.0,-96.17931731816364,-167.2092908377407,42.35
847,211.75,0.0,-96.32614375585585,-167.4122262666817,42.400000000000006
848,212.0,0.0,-96.4729701935475,-167.61516169562196,42.45
849,212.25,0.0,-96.61979663123986,-167.81809712456257,42.5
850,212.5,0.0,-96.7666230689315,-168.02103255350275,42.55
851,212.75,0.0,-96.91344950662351,-168.22396798244324,42.6
852,213.0,0.0,-97.06027594431553,-168.42690341138407,42.650000000000006
853,213.25,0.0,-97.20710238200775,-168.62983884032474,42.7
854,213.5,0.0,-97.35392881969976,-168.83277426926523,42.75
855,213.75,0.0,-97.50075525739173,-169.03570969820603,42.8
856,214.0,0.0,-97.64758169508352,-169.2386451271466,42.85
857,214.25,0.0,-97.79440813277546,-169.44158055608685,42.900000000000006
858,214.5,0.0,-97.94123457046744,-169.6445159850273,42.95
859,214.75,0.0,-98.0880610081591,-169.84745141396755,43.0
860,215.0,0.0,-98.23488744585131,-170.05038684290864,43.05
861,215.25,0.0,-98.38171388354345,-170.25332227184896,43.1
862,215.5,0.0,-98.52854032123511,-170.4562577007889,43.150000000000006
863,215.75,0.0,-98.67536675892732,-170.65919312972994,43.2
864,216.0,0.0,-98.82219319661932,-170.86212855867078,43.25
865,216.25,0.0,-98.969019634311,-171.06506398761056,43.3
866,216.5,0.0,-99.11584607200335,-171.26799941655165,43.35
867,216.75,0.0,-99.262672509695,-171.47093484549188,43.400000000000006
868,217.0,0.0,-99.40949894738701,-171.67387027443232,43.45
869,217.25,0.0,-99.55632538507925,-171.87680570337292,43.5
870,217.5,0.0,-99.703151822771,-172.07974113231316,43.55
871,217.75,0.0,-99.84997826046323,-172.28267656125422,43.6
872,218.0,0.0,-99.99680469815524,-172.48561199019466,43.650000000000006
873,218.25,0.0,-100.14363113584702,-172.68854741913523,43.7
874,218.5,0.0,-100.29045757353893,-172.8914828480759,43.75
875,218.75,0.0,-100.43728401123091,-173.09441827701616,43.8
876,219.0,0.0,-100.58411044892257,-173.29735370595617,43.85
877,219.25,0.0,-100.73093688661496,-173.50028913489723,43.900000000000006
878,219.5,0.0,-100.87776332430698,-173.7032245638381,43.95
879,219.75,0.0,-101.02458976199884,-173.90615999277858,44.0
880,220.0,0.0,-101.17141619969082,-174.10909542171856,44.05
881,220.25,0.0,-101.31824263738282,-174.3120308506594,44.1
882,220.5,0.0,-101.4650690750745,-174.51496627959963,44.150000000000006
883,220.75,0.0,-101.61189551276684,-174.71790170854024,44.2
884,221.0,0.0,-101.75872195045851,-174.92083713748042,44.25
885,221.25,0.0,-101.90554838815086,-175.12377256642156,44.3
886,221.5,0.0,-102.05237482584288,-175.32670799536206,44.35
887,221.75,0.0,-102.19920126353452,-175.52964342430226,44.400000000000006
888,222.0,0.0,-102.34602770122673,-175.7325788532428,44.45
889,222.25,0.0,-102.49285413891876,-175.93551428218373,44.5
890,222.5,0.0,-102.63968057661077,-176.13844971112425,44.55
891,222.75,0.0,-102.78650701430243,-176.34138514006452,44.6
892,223.0,0.0,-102.9333334519944,-176.54432056900475,44.650000000000006
893,223.25,0.0,-103.08015988968607,-176.74725599794525,44.7
894,223.5,0.0,-103.22698632737809,-176.95019142688574,44.75
895,223.75,0.0,-103.37381276507008,-177.15312685582606,44.8
896,224.0,0.0,-103.52063920276231,-177.35606228476718,44.85
897,224.25,0.0,-103.66746564045395,-177.55899771370733,44.900000000000006
898,224.5,0.0,-103.81429207814598,-177.76193314264793,44.95
899,224.75,0.0,-103.96111851583798,-177.96486857158826,45.0
900,225.0,0.0,-104.10794495353036,-178.16780400052932,45.05
901,225.25,0.0,-104.25477139122238,-178.37073942946984,45.1
902,225.5,0.0,-104.40159782891438,-178.57367485841016,45.150000000000006
903,225.75,0.0,-104.54842426660623,-178.77661028735065,45.2
904,226.0,0.0,-104.69525070429802,-178.97954571629086,45.25
905,226.25,0.0,-104.84207714199027,-179.18248114523198,45.3
906,226.5,0.0,-104.98890357968189,-179.38541657417164,45.35
907,226.75,0.0,-105.13573001737392,-179.58835200311282,45.400000000000006
908,227.0,0.0,-105.28255645506592,-179.7912874320536,45.45
909,227.25,0.0,-105.42938289275793,-179.9942228609941,45.5
910,227.5,0.0,-105.57620933044994,-180.19715828993444,45.55
911,227.75,0.0,-105.72303576814183,-180.40009371887493,45.6
912,228.0,0.0,-105.86986220583354,-180.60302914781516,45.650000000000006
913,228.25,0.0,-106.01668864352584,-180.8059645767563,45.7
914,228.5,0.0,-106.16351508121785,-181.0089000056963,45.75
915,228.75,0.0,-106.31034151890985,-181.21183543463712,45.8
916,229.0,0.0,-106.45716795660186,-181.41477086357764,45.85
917,229.25,0.0,-106.6039943942935,-181.61770629251785,45.900000000000006
918,229.5,0.0,-106.75082083198548,-181.82064172145812,45.95
919,229.75,0.0,-106.89764726967749,-182.02357715039864,46.0
920,230.0,0.0,-107.04447370736989,-182.2265125793398,46.05
921,230.25,0.0,-107.1913001450615,-182.42944800828,46.1
922,230.5,0.0,-107.33812658275377,-182.6323834372206,46.150000000000006
923,230.75,0.0,-107.48495302044579,-182.8353188661614,46.2
924,231.0,0.0,-107.63177945813742,-183.03825429510195,46.25
925,231.25,0.0,-107.7786058958294,-183.24118972404187,46.3
926,231.5,0.0,-107.92543233352143,-183.4441251529821,46.35
927,231.75,0.0,-108.07225877121344,-183.6470605819236,46.400000000000006
928,232.0,0.0,-108.21908520890545,-183.8499960108641,46.45
929,232.25,0.0,-108.36591164659704,-184.05293143980373,46.5
930,232.5,0.0,-108.51273808428907,-184.25586686874428,46.55
931,232.75,0.0,-108.65956452198134,-184.45880229768542,46.6
932,233.0,0.0,-108.80639095967334,-184.6617377266257,46.650000000000006
933,233.25,0.0,-108.95321739736497,-184.86467315556587,46.7
934,233.5,0.0,-109.10004383505738,-185.06760858450704,46.75
935,233.75,0.0,-109.2468702727494,-185.2705440134476,46.8
936,234.0,0.0,-109.39369671044099,-185.47347944238774,46.85
937,234.25,0.0,-109.54052314813302,-185.676414871328,46.900000000000006
938,234.5,0.0,-109.68734958582529,-185.8793503002692,46.95
939,234.75,0.0,-109.83417602351729,-186.0822857292097,47.0
940,235.0,0.0,-109.98100246120902,-186.2852211581499,47.05
941,235.25,0.0,-110.1278288989013,-186.4881565870905,47.1
942,235.5,0.0,-110.27465533659334,-186.6910920160314,47.150000000000006
943,235.75,0.0,-110.42148177428493,-186.89402744497121,47.2
944,236.0,0.0,-110.56830821197693,-187.09696287391208,47.25
945,236.25,0.0,-110.71513464966883,-187.29989830285265,47.3
946,236.5,0.0,-110.86196108736084,-187.5028337317932,47.35
947,236.75,0.0,-111.00878752505284,-187.70576916073344,47.400000000000006
948,237.0,0.0,-111.15561396274458,-187.90870458967365,47.45
949,237.25,0.0,-111.30244040043645,-188.1116400186141,47.5
950,237.5,0.0,-111.44926683812885,-188.31457544755563,47.55
951,237.75,0.0,-111.59609327582048,-188.51751087649555,47.6
952,238.0,0.0,-111.74291971351289,-188.72044630543618,47.650000000000006
953,238.25,0.0,-111.88974615120487,-188.923381734377,47.7
954,238.5,0.0,-112.0365725888969,-189.12631716331754,47.75
955,238.75,0.0,-112.18339902658887,-189.32925259225786,47.8
956,239.0,0.0,-112.3302254642805,-189.5321880211979,47.85
957,239.25,0.0,-112.4770519019728,-189.73512345013916,47.900000000000006
958,239.5,0.0,-112.62387833966481,-189.93805887907973,47.95
959,239.75,0.0,-112.77070477735643,-190.14099430801986,48.0
960,240.0,0.0,-112.91753121504841,-190.34392973696046,48.05
961,240.25,0.0,-113.06435765274001,-190.5468651659006,48.1
962,240.5,0.0,-113.21118409043244,-190.74980059484184,48.150000000000006
963,240.75,0.0,-113.35801052812432,-190.95273602378202,48.2
964,241.0,0.0,-113.50483696581634,-191.1556714527226,48.25
965,241.25,0.0,-113.65166340350792,-191.35860688166278,48.3
966,241.5,0.0,-113.79848984120035,-191.56154231060333,48.35
967,241.75,0.0,-113.94531627889235,-191.7644777395439,48.400000000000006
968,242.0,0.0,-114.09214271658439,-191.96741316848474,48.45
969,242.25,0.0,-114.23896915427598,-192.1703485974249,48.5
970,242.5,0.0,-114.38579559196798,-192.37328402636544,48.55
971,242.75,0.0,-114.5326220296603,-192.57621945530605,48.6
972,243.0,0.0,-114.67944846735243,-192.77915488424694,48.650000000000006
973,243.25,0.0,-114.82627490504431,-192.98209031318743,48.7
974,243.5,0.0,-114.97310134273603,-193.18502574212764,48.75
975,243.75,0.0,-115.1199277804279,-193.3879611710678,48.8
976,244.0,0.0,-115.2667542181199,-193.59089660000836,48.85
977,244.25,0.0,-115.41358065581193,-193.79383202894925,48.900000000000006
978,244.5,0.0,-115.5604070935039,-193.99676745788977,48.95
979,244.75,0.0,-115.70723353119593,-194.19970288683038,49.0
980,245.0,0.0,-115.85405996888784,-194.40263831577124,49.05
981,245.25,0.0,-116.00088640657984,-194.6055737447111,49.1
982,245.5,0.0,-116.14771284427185,-194.80850917365171,49.150000000000006
983,245.75,0.0,-116.29453928196385,-195.01144460259255,49.2
984,246.0,0.0,-116.44136571965542,-195.21438003153264,49.25
985,246.25,0.0,-116.58819215734745,-195.41731546047322,49.3
986,246.5,0.0,-116.73501859503946,-195.6202508894134,49.35
987,246.75,0.0,-116.88184503273193,-195.82318631835471,49.400000000000006
988,247.0,0.0,-117.0286714704238,-196.0261217472953,49.45
989,247.25,0.0,-117.1754979081155,-196.22905717623544,49.5
990,247.5,0.0,-117.3223243458075,-196.43199260517528,49.55
991,247.75,0.0,-117.46915078349942,-196.63492803411683,49.6
992,248.0,0.0,-117.61597722119141,-196.83786346305737,49.650000000000006
993,248.25,0.0,-117.76280365888344,-197.0407988919969,49.7
994,248.5,0.0,-117.90963009657543,-197.24373432093813,49.75
995,248.75,0.0,-118.05645653426733,-197.44666974987902,49.8
996,249.0,0.0,-118.20328297195945,-197.64960517881914,49.85
997,249.25,0.0,-118.35010940965137,-197.85254060775947,49.900000000000006
998,249.5,0.0,-118.49693584734345,-198.0554760367005,49.95
